player_id,player_display_name,position,season_n,season_n1,breakout,target_share,air_yards_share,wopr,racr,avg_snap_pct,age,years_exp,draft_number,games_played,year_n_ppr_ppg,year_n_pos_rank,pct_rank,receiving_air_yards,receiving_yards_after_catch,carries,rushing_yards,team_target_rank,team_pos_rank,forty,vertical,broad_jump,cone,shuttle,combine_weight,next_year_ppr_ppg,next_year_pos_rank
00-0026153,Jonathan Stewart,RB,2013,2014,1,0.0386740331491712,0.0011104941699056,0.0587883956426908,5.0,0.2716666666666666,26.0,5.0,13.0,6,4.9,65.0,0.2967032967032967,2.0,42.0,48,180.0,6.0,2.0,4.46,36.5,128.0,,,235.0,11.23076923076923,24.0
00-0026373,Justin Forsett,RB,2013,2014,1,0.056338028169014,-0.0142276422764227,0.0745476926600251,-2.0,0.1677777777777777,27.0,5.0,233.0,8,3.2875,76.0,0.1758241758241758,-28.0,108.0,6,31.0,7.0,2.0,4.62,26.5,112.0,6.96,,194.0,15.43125,9.0
00-0027966,Mark Ingram,RB,2013,2014,1,0.0246085011185682,-0.0030244707176244,0.0347956221755152,-2.0,0.2484615384615384,23.0,2.0,28.0,11,5.309090909090909,61.0,0.3406593406593406,-11.0,76.0,78,386.0,10.0,3.0,4.62,31.5,118.0,7.13,4.62,215.0,14.761538461538462,12.0
00-0028043,Roy Helu,RB,2013,2014,1,0.0711864406779661,0.0161703805955432,0.1180989274338294,3.0609756097560976,0.458125,24.0,2.0,105.0,16,6.71875,54.0,0.4175824175824176,82.0,174.0,62,274.0,7.0,1.0,4.4,36.5,119.0,6.67,4.01,219.0,9.792307692307691,31.0
00-0029615,Lamar Miller,RB,2013,2014,1,0.0602409638554216,0.0088152327221438,0.0965321086886332,3.4,0.6,22.0,1.0,97.0,16,7.74375,44.0,0.5274725274725275,50.0,171.0,177,709.0,6.0,1.0,4.34,33.0,,,,212.0,13.9625,14.0
00-0029683,Ronnie Hillman,RB,2013,2014,1,0.0366492146596858,0.010689990281827,0.0624568151868077,3.606060606060606,0.209,21.0,1.0,67.0,9,5.522222222222222,59.0,0.3626373626373626,33.0,76.0,55,218.0,9.0,3.0,4.42,37.0,,,,200.0,12.7875,19.0
00-0027681,Brandon LaFell,WR,2013,2014,1,0.2058111380145278,0.2404627122815653,0.4770406056188875,0.6417604912998977,0.8888235294117647,26.0,3.0,78.0,15,9.546666666666663,58.0,0.5869565217391305,977.0,257.0,2,15.0,3.0,2.0,4.58,36.0,115.0,6.81,4.23,211.0,14.04,20.0
00-0029632,Mohamed Sanu,WR,2013,2014,1,0.1354166666666666,0.1416196615632554,0.3022587630942788,0.647226173541963,0.6458823529411765,24.0,1.0,83.0,16,6.56875,86.0,0.3840579710144927,703.0,254.0,4,16.0,4.0,3.0,4.62,36.0,126.0,6.88,4.22,211.0,11.20375,42.0
00-0029640,Brian Quick,WR,2013,2014,1,0.0739130434782608,0.1019230769230769,0.1822157190635451,0.8140161725067385,0.356875,24.0,1.0,33.0,14,4.3,113.0,0.1884057971014492,371.0,105.0,0,0.0,8.0,5.0,4.5,34.0,119.0,7.1,4.23,220.0,11.5,38.0
00-0030085,Kenny Stills,WR,2013,2014,1,0.08,0.1563999232393014,0.229479946267511,0.7865030674846626,0.6072222222222222,21.0,0.0,144.0,16,7.94375,70.0,0.5,815.0,197.0,3,10.0,6.0,3.0,4.38,33.5,124.0,,4.35,194.0,11.593333333333334,37.0
00-0030564,DeAndre Hopkins,WR,2013,2014,1,0.1465378421900161,0.2379189399844115,0.3863500212741122,0.6568386568386568,0.89125,21.0,0.0,27.0,16,8.8875,63.0,0.5507246376811594,1221.0,181.0,0,0.0,3.0,2.0,4.57,36.0,115.0,,4.5,214.0,14.4375,18.0
00-0024242,DeAngelo Williams,RB,2014,2015,1,0.0304568527918781,-0.0087251575375666,0.0395776689115206,-2.0,0.27,31.0,8.0,27.0,6,4.883333333333334,76.0,0.2788461538461538,-18.0,57.0,62,219.0,9.0,2.0,4.45,35.5,121.0,,,214.0,14.5875,10.0
00-0026144,Darren McFadden,RB,2014,2015,1,0.1020036429872495,-0.000211282484682,0.1528575667415969,-2.0,0.50875,27.0,6.0,4.0,16,7.5375,50.0,0.5288461538461539,-1.0,261.0,155,534.0,4.0,1.0,4.33,33.0,128.0,,,211.0,12.35625,20.0
00-0028064,Bilal Powell,RB,2014,2015,1,0.0360576923076923,-0.0031055900621118,0.0519126254180601,-2.0,0.2333333333333333,25.0,3.0,126.0,14,2.878571428571429,90.0,0.1442307692307692,-11.0,96.0,33,141.0,12.0,3.0,4.51,,,,,207.0,12.28181818181818,23.0
00-0029613,Doug Martin,RB,2014,2015,1,0.0539083557951482,-0.0010723860589812,0.0801118634514355,-2.0,0.4981818181818182,25.0,2.0,31.0,11,7.345454545454545,52.0,0.5096153846153846,-4.0,63.0,134,494.0,9.0,3.0,4.46,36.0,120.0,6.79,4.16,223.0,14.51875,11.0
00-0030388,Joseph Randle,RB,2014,2015,1,0.0122549019607843,0.0008460236886632,0.0189745695232407,5.0,0.0838888888888888,22.0,1.0,151.0,14,3.9,84.0,0.2019230769230769,3.0,27.0,51,343.0,9.0,3.0,4.63,35.0,123.0,,,204.0,12.35,21.0
00-0031045,Carlos Hyde,RB,2014,2015,1,0.0384615384615384,0.0011682242990654,0.0585100647016534,5.0,0.315,23.0,0.0,57.0,14,5.292857142857143,70.0,0.3365384615384615,5.0,65.0,83,333.0,9.0,2.0,4.62,34.5,114.0,,,230.0,11.614285714285714,27.0
00-0031285,Devonta Freeman,RB,2014,2015,1,0.0607553366174055,0.0157057243232072,0.1021270119523534,2.960526315789474,0.215,22.0,0.0,103.0,16,5.45625,68.0,0.3557692307692308,76.0,170.0,65,248.0,7.0,2.0,4.58,31.5,118.0,7.11,4.26,206.0,21.09333333333333,1.0
00-0022943,Benjamin Watson,TE,2014,2015,1,0.0544815465729349,0.0298507462686567,0.1026178422474621,1.0149253731343284,0.498125,33.0,10.0,32.0,14,3.257142857142857,57.0,0.2533333333333333,134.0,78.0,0,0.0,9.0,2.0,4.5,35.5,123.0,7.38,4.11,258.0,11.90625,9.0
00-0026267,Jacob Tamme,TE,2014,2015,1,0.0648148148148148,0.0709728867623604,0.1469032429558745,0.4082397003745318,0.25875,29.0,6.0,127.0,11,3.1727272727272724,59.0,0.2266666666666666,267.0,21.0,0,0.0,7.0,2.0,4.58,30.0,109.0,6.99,4.27,236.0,8.713333333333333,22.0
00-0026281,Gary Barnidge,TE,2014,2015,1,0.077639751552795,0.0758928571428571,0.1695846273291925,0.6554621848739496,0.3915384615384615,28.0,6.0,141.0,9,3.177777777777778,58.0,0.24,238.0,41.0,0,0.0,6.0,2.0,4.61,31.0,117.0,6.92,4.23,243.0,14.83125,4.0
00-0029275,Ladarius Green,TE,2014,2015,1,0.0744047619047619,0.0568598679383712,0.1514090504140027,1.4580645161290322,0.31,24.0,2.0,110.0,10,4.16,51.0,0.3333333333333333,155.0,114.0,0,0.0,7.0,2.0,4.45,34.5,124.0,7.12,4.47,238.0,8.299999999999999,24.0
00-0030992,Crockett Gillmore,TE,2014,2015,1,0.0522648083623693,0.0318148951554591,0.1006676391523754,1.375,0.388235294117647,22.0,0.0,99.0,9,3.122222222222222,61.0,0.2,88.0,59.0,0,0.0,7.0,2.0,4.89,33.5,120.0,7.42,4.44,260.0,9.82,18.0
00-0031384,Richard Rodgers,TE,2014,2015,1,0.0705882352941176,0.0664185513884912,0.1523753389131203,0.9698275862068966,0.4433333333333333,22.0,0.0,98.0,13,4.1923076923076925,49.0,0.36,232.0,48.0,0,0.0,6.0,2.0,4.87,31.5,116.0,7.23,4.47,257.0,10.10625,17.0
00-0031387,Eric Ebron,TE,2014,2015,1,0.1111111111111111,0.1332946971892205,0.259972954699121,0.5391304347826087,0.5071428571428571,21.0,0.0,10.0,12,4.65,41.0,0.4666666666666667,460.0,125.0,0,0.0,4.0,1.0,4.6,32.0,120.0,,,250.0,9.335714285714284,20.0
00-0031418,Austin Seferian-Jenkins,TE,2014,2015,1,0.1165644171779141,0.1104734576757532,0.2521780461398984,0.574025974025974,0.7855555555555556,21.0,0.0,38.0,9,5.9,31.0,0.6,385.0,41.0,0,0.0,4.0,1.0,4.75,,,,,262.0,11.257142857142856,12.0
00-0025396,Ted Ginn,WR,2014,2015,1,0.0561555075593952,0.07926455566905,0.1397184503074279,0.4896907216494845,0.138235294117647,29.0,7.0,9.0,13,3.076923076923077,125.0,0.1448275862068965,388.0,46.0,3,6.0,7.0,5.0,4.38,,,,,178.0,13.135714285714286,29.0
00-0026364,Steve Johnson,WR,2014,2015,1,0.1240694789081885,0.1177035791496517,0.268496723767039,0.8877551020408163,,28.0,6.0,224.0,13,7.423076923076923,74.0,0.496551724137931,490.0,185.0,0,0.0,4.0,3.0,,,,,,,12.522222222222222,33.0
00-0028497,Kamar Aiken,WR,2014,2015,1,0.0730593607305936,0.0953914767096134,0.1763630747926198,0.6935064935064935,,25.0,3.0,300.0,13,5.746153846153846,92.0,0.3724137931034483,385.0,61.0,0,0.0,5.0,3.0,,,,,,,12.3375,35.0
00-0029269,Travis Benjamin,WR,2014,2015,1,0.0923694779116465,0.1705133306804616,0.257913548343793,0.3663943990665111,0.360625,24.0,2.0,100.0,16,4.28125,109.0,0.2551724137931034,857.0,43.0,3,11.0,5.0,4.0,4.31,38.0,119.0,,,172.0,12.4875,34.0
00-0029580,Rishard Matthews,WR,2014,2015,1,0.0583554376657824,0.0896551724137931,0.1502917771883289,0.5192307692307693,0.22,24.0,2.0,227.0,10,3.78,117.0,0.2,260.0,42.0,1,3.0,8.0,5.0,4.54,36.0,,6.88,4.19,217.0,12.145454545454545,37.0
00-0030525,Tavon Austin,WR,2014,2015,1,0.0950323974082073,0.0450873077925462,0.1741097115670934,1.3988439306358382,0.5826666666666667,24.0,1.0,8.0,15,6.373333333333333,87.0,0.4068965517241379,173.0,169.0,36,224.0,6.0,4.0,4.34,32.0,120.0,,4.01,174.0,12.54375,32.0
00-0029854,C.J. Anderson,RB,2015,2016,1,0.0650994575045208,0.009771986970684,0.10448957713626,3.588235294117647,,24.0,2.0,300.0,15,9.42,46.0,0.53125,51.0,149.0,152,720.0,6.0,1.0,,,,,,,14.642857142857142,14.0
00-0030414,Spencer Ware,RB,2015,2016,1,0.0258620689655172,-0.004265691651432,0.0358071192922734,-0.7142857142857143,0.2492307692307692,23.0,2.0,194.0,9,9.2,48.0,0.5104166666666666,-7.0,12.0,72,403.0,9.0,2.0,4.62,,,,,228.0,13.985714285714286,17.0
00-0030656,Isaiah Crowell,RB,2015,2016,1,0.0366666666666666,-0.0101302460202604,0.0479088277858176,-2.0,,22.0,1.0,300.0,16,8.612499999999999,52.0,0.46875,-49.0,227.0,185,706.0,10.0,2.0,,,,,,,12.81875,22.0
00-0031590,Jay Ajayi,RB,2015,2016,1,0.0345911949685534,0.0065698478561549,0.0564856859521386,4.7368421052631575,0.2744444444444445,22.0,0.0,149.0,9,4.744444444444444,75.0,0.2291666666666666,19.0,78.0,49,187.0,10.0,3.0,4.57,39.0,121.0,7.1,4.1,221.0,14.353333333333332,16.0
00-0032058,Tevin Coleman,RB,2015,2016,1,0.0231092436974789,0.0115127175368139,0.0427227678219882,0.3255813953488372,0.2616666666666666,22.0,0.0,73.0,12,3.5499999999999994,80.0,0.1770833333333333,43.0,11.0,87,392.0,10.0,3.0,4.4,,,,,206.0,14.7,13.0
00-0032144,Melvin Gordon,RB,2015,2016,1,0.0643478260869565,-0.0124760076775431,0.0877885337561545,-2.0,0.3964285714285714,22.0,0.0,15.0,14,7.735714285714286,56.0,0.4270833333333333,-52.0,256.0,184,641.0,9.0,2.0,4.52,35.0,126.0,7.04,4.07,215.0,19.27692307692308,5.0
00-0027981,Kyle Rudolph,TE,2015,2016,1,0.1682027649769585,0.1918586304828021,0.3866051888033992,0.8141447368421053,0.8288235294117647,25.0,4.0,43.0,16,8.03125,26.0,0.7023809523809523,608.0,203.0,0,0.0,3.0,1.0,4.83,,,,,259.0,13.0625,4.0
00-0030181,Jack Doyle,TE,2015,2016,1,0.0566801619433198,0.0108534780463739,0.0926176775474415,3.272727272727273,0.304375,25.0,2.0,300.0,7,3.6000000000000005,58.0,0.3214285714285714,22.0,56.0,0,0.0,10.0,3.0,,,,,,,9.2125,19.0
00-0031273,Cameron Brate,TE,2015,2016,1,0.0719424460431654,0.0715458597231996,0.1579957708709879,0.9442622950819672,0.3542857142857142,24.0,1.0,300.0,12,5.816666666666666,37.0,0.5714285714285714,305.0,50.0,0,0.0,9.0,3.0,,,,,,,11.4,12.0
00-0031302,C.J. Fiedorowicz,TE,2015,2016,1,0.0465116279069767,0.0224352437283295,0.0854721124702958,1.518181818181818,0.5370588235294118,23.0,1.0,65.0,13,2.9000000000000004,67.0,0.2142857142857142,110.0,77.0,0,0.0,10.0,3.0,4.76,31.5,116.0,7.1,4.26,265.0,8.926666666666668,23.0
00-0026901,Mike Wallace,WR,2015,2016,1,0.1760391198044009,0.2512987012987013,0.4399677706156923,0.6111111111111112,0.7311764705882353,29.0,6.0,84.0,15,6.593333333333334,86.0,0.4295302013422818,774.0,169.0,1,6.0,2.0,2.0,4.33,40.0,129.0,6.9,4.27,199.0,12.675,30.0
00-0027006,Kenny Britt,WR,2015,2016,1,0.1545064377682403,0.3055923668168566,0.4456743134241601,0.590633130962706,0.675625,26.0,6.0,30.0,16,7.63125,73.0,0.5167785234899329,1153.0,118.0,0,0.0,3.0,2.0,4.47,37.0,124.0,,4.47,218.0,13.08,27.0
00-0030035,Adam Thielen,WR,2015,2016,1,0.073170731707317,0.0989198408186469,0.1789999861340284,0.8275862068965517,0.1952941176470588,25.0,2.0,300.0,9,3.922222222222222,123.0,0.1812080536912751,174.0,47.0,4,89.0,7.0,5.0,,,,,,,12.325,35.0
00-0031228,Taylor Gabriel,WR,2015,2016,1,0.1093394077448747,0.1022146507666098,0.235559367153939,0.6694444444444444,,24.0,1.0,300.0,12,4.341666666666667,118.0,0.2147651006711409,360.0,108.0,0,0.0,6.0,4.0,,,,,,,11.666666666666666,40.0
00-0031381,Davante Adams,WR,2015,2016,1,0.2012847965738758,0.2423547400611621,0.4715755129036271,0.5205047318611987,0.7792857142857142,22.0,1.0,53.0,13,8.26923076923077,67.0,0.5570469798657718,951.0,148.0,0,0.0,2.0,2.0,4.56,39.5,123.0,6.82,4.3,212.0,15.41875,11.0
00-0031431,Marqise Lee,WR,2015,2016,1,0.0978593272171253,0.1212431693989071,0.231659209404923,0.5380281690140845,0.383,23.0,1.0,39.0,9,4.877777777777777,107.0,0.2885906040268456,355.0,91.0,5,38.0,7.0,5.0,4.52,38.0,127.0,,4.01,192.0,11.275,46.0
00-0031912,Cameron Meredith,WR,2015,2016,1,0.074074074074074,0.1014823261117445,0.1821487393893323,0.6741573033707865,,22.0,0.0,300.0,6,3.8333333333333335,124.0,0.174496644295302,178.0,37.0,0,0.0,10.0,6.0,,,,,,,12.82,28.0
00-0028087,Dion Lewis,RB,2016,2017,1,0.0926640926640926,0.0440283400809716,0.1698159770528191,1.0804597701149423,0.305,25.0,5.0,300.0,7,7.814285714285715,53.0,0.4347826086956521,87.0,83.0,64,283.0,7.0,2.0,4.56,34.5,112.0,6.9,4.18,193.0,12.6875,16.0
00-0030288,Rex Burkhead,RB,2016,2017,1,0.0692041522491349,0.00661084178052,0.1084338176200664,5.0,0.221875,26.0,3.0,190.0,9,8.433333333333334,49.0,0.4782608695652174,15.0,142.0,74,344.0,8.0,2.0,4.73,39.0,125.0,6.85,4.09,214.0,12.98,15.0
00-0030404,Chris Thompson,RB,2016,2017,1,0.1047297297297297,0.0199264848133101,0.1710431339639117,3.388349514563106,0.455625,25.0,3.0,154.0,16,9.21875,40.0,0.5760869565217391,103.0,252.0,68,356.0,6.0,1.0,4.42,,,,,192.0,15.54,10.0
00-0032241,Todd Gurley,RB,2016,2017,1,0.1094339622641509,0.0150963040083289,0.1747183562020567,5.0,0.739375,22.0,1.0,10.0,16,12.3875,24.0,0.75,58.0,348.0,278,885.0,5.0,1.0,4.52,,,,,222.0,25.686666666666667,1.0
00-0032257,Duke Johnson,RB,2016,2017,1,0.1338155515370705,0.0299586776859504,0.2216944016857711,3.5448275862068965,0.4468749999999999,22.0,1.0,300.0,16,9.0125,43.0,0.5434782608695652,145.0,426.0,73,358.0,4.0,1.0,4.54,33.5,121.0,,,207.0,13.50625,14.0
00-0032426,Alex Collins,RB,2016,2017,1,0.0344827586206896,0.0010710460549803,0.0524738701695207,5.0,0.1915384615384615,22.0,0.0,300.0,9,3.988888888888889,75.0,0.1956521739130435,3.0,81.0,31,125.0,11.0,4.0,4.59,28.5,113.0,,,217.0,11.4,20.0
00-0033118,Kenyan Drake,RB,2016,2017,1,0.0261096605744125,-0.0006491398896462,0.0387100929388664,-2.0,0.1141176470588235,22.0,0.0,300.0,13,3.807692307692308,76.0,0.1847826086956521,-2.0,59.0,33,179.0,8.0,3.0,4.45,34.5,123.0,7.04,4.21,210.0,10.164285714285716,29.0
00-0031418,Austin Seferian-Jenkins,TE,2016,2017,1,0.0711297071129707,0.0615784908933217,0.1497995042947813,0.7746478873239436,0.3144444444444444,23.0,2.0,38.0,7,3.0,64.0,0.2025316455696202,142.0,28.0,0,0.0,8.0,1.0,4.75,,,,,262.0,7.976923076923077,19.0
00-0032055,Devin Funchess,TE,2016,2017,1,0.1215932914046121,0.1527474707399325,0.289313166624871,0.4818181818181818,0.47,22.0,1.0,41.0,14,6.15,35.0,0.569620253164557,770.0,103.0,0,0.0,4.0,2.0,4.7,38.5,122.0,,,232.0,12.1875,4.0
00-0032214,Tyler Kroft,TE,2016,2017,1,0.0545454545454545,0.0452755905511811,0.1135110952040086,1.0,0.3928571428571428,23.0,1.0,85.0,6,3.2,63.0,0.2151898734177215,92.0,31.0,0,0.0,10.0,3.0,4.75,,,,,246.0,8.293333333333333,17.0
00-0028237,Chris Hogan,WR,2016,2017,1,0.1157684630738523,0.2037178507766743,0.3162551901544504,0.85,0.7972222222222222,28.0,5.0,300.0,15,8.593333333333334,70.0,0.5490196078431373,800.0,241.0,3,9.0,6.0,3.0,,,,,,,12.177777777777775,25.0
00-0029159,Jermaine Kearse,WR,2016,2017,1,0.1648148148148148,0.2217724755006391,0.4024629550726696,0.4899135446685879,,26.0,4.0,300.0,16,6.125,93.0,0.3986928104575163,1041.0,138.0,0,0.0,3.0,2.0,,,,,,,11.0,39.0
00-0030068,Marquise Goodwin,WR,2016,2017,1,0.173469387755102,0.2710005350454789,0.4499044561644882,0.4254689042448173,0.6493333333333333,25.0,3.0,300.0,14,6.435714285714285,88.0,0.4313725490196078,1013.0,98.0,0,0.0,4.0,3.0,4.27,,132.0,,,183.0,10.5375,43.0
00-0030431,Robert Woods,WR,2016,2017,1,0.2043010752688172,0.2396221013455482,0.4741870838451095,0.7323775388291517,0.7184615384615385,24.0,3.0,300.0,13,9.146153846153846,66.0,0.5751633986928104,837.0,124.0,1,6.0,3.0,2.0,4.51,33.5,117.0,7.15,4.47,201.0,13.608333333333334,18.0
00-0031549,Nelson Agholor,WR,2016,2017,1,0.1216931216931216,0.1715617715617715,0.3026329226329226,0.4959239130434782,0.8213333333333334,23.0,1.0,20.0,15,5.86,100.0,0.3529411764705882,736.0,98.0,5,14.0,5.0,2.0,4.42,,,,,198.0,11.71875,27.0
00-0032688,Robbie Chosen,WR,2016,2017,1,0.1631799163179916,0.3038712686567164,0.4574797625366889,0.4504988488104374,0.703125,23.0,0.0,300.0,14,8.207142857142857,73.0,0.5294117647058824,1303.0,131.0,3,42.0,3.0,3.0,,,,,,,12.5,23.0
00-0031062,James White,RB,2017,2018,1,0.1417322834645669,0.0272151898734177,0.2316490581082428,3.3255813953488373,0.41,25.0,3.0,130.0,14,9.571428571428571,36.0,0.6354166666666666,129.0,340.0,43,171.0,5.0,1.0,4.57,32.0,114.0,7.05,4.2,204.0,17.2875,10.0
00-0032764,Derrick Henry,RB,2017,2018,1,0.0352697095435684,0.0065055762081784,0.0574584676610776,4.857142857142857,0.4616666666666666,23.0,1.0,45.0,16,8.4375,47.0,0.5208333333333334,28.0,125.0,176,744.0,8.0,2.0,4.54,37.0,130.0,7.2,4.38,247.0,12.585,23.0
00-0033293,Aaron Jones,RB,2017,2018,1,0.0559006211180124,-0.0019409937888198,0.0824922360248447,-2.0,0.325,22.0,0.0,182.0,10,8.0,52.0,0.46875,-5.0,30.0,81,448.0,10.0,2.0,4.56,37.5,127.0,6.82,4.2,208.0,14.283333333333331,17.0
00-0033553,James Conner,RB,2017,2018,1,0.002262443438914,-0.0009770395701025,0.0027097374592992,-0.0,0.0699999999999999,22.0,0.0,300.0,12,1.2,96.0,0.0104166666666666,-4.0,0.0,32,144.0,9.0,2.0,4.65,29.0,113.0,,,233.0,21.53846153846154,7.0
00-0033951,Marlon Mack,RB,2017,2018,1,0.0785714285714285,-0.0199367088607594,0.1039014466546112,-2.0,0.3414285714285714,21.0,0.0,143.0,14,7.378571428571429,56.0,0.4270833333333333,-63.0,283.0,93,358.0,7.0,2.0,4.5,35.5,125.0,,,213.0,14.841666666666669,14.0
00-0030470,Vance McDonald,TE,2017,2018,1,0.0754716981132075,0.074503931111943,0.1653602989481714,0.9447236180904522,0.4427272727272727,27.0,4.0,55.0,9,4.311111111111111,47.0,0.4588235294117647,199.0,88.0,0,0.0,7.0,2.0,4.69,33.5,119.0,7.08,4.53,267.0,8.866666666666667,16.0
00-0032134,C.J. Uzomah,TE,2017,2018,1,0.0517241379310344,0.033264887063655,0.1008716278411102,1.1358024691358024,0.2564285714285714,24.0,2.0,157.0,9,2.8,70.0,0.188235294117647,81.0,50.0,0,0.0,9.0,2.0,,,,,,,6.55625,25.0
00-0032227,Jeff Heuerman,TE,2017,2018,1,0.054054054054054,0.0548823948681397,0.1194987574887788,0.922077922077922,0.3285714285714285,24.0,2.0,92.0,10,3.5200000000000005,59.0,0.3176470588235294,154.0,63.0,0,0.0,11.0,3.0,4.81,,,,,254.0,7.109999999999999,21.0
00-0033885,David Njoku,TE,2017,2018,1,0.1073345259391771,0.1179546775130738,0.2435700631679173,0.6338259441707718,0.46875,21.0,0.0,29.0,16,5.91875,34.0,0.611764705882353,609.0,151.0,1,1.0,5.0,1.0,4.64,37.5,133.0,6.97,4.34,246.0,9.593333333333334,11.0
00-0032211,Tyler Lockett,WR,2017,2018,1,0.1354961832061068,0.1737880820080475,0.3248959322147935,0.6119073869900772,0.644375,24.0,2.0,69.0,16,7.76875,67.0,0.5629139072847682,907.0,188.0,10,58.0,4.0,3.0,4.4,35.5,121.0,6.89,4.07,182.0,13.9,25.0
00-0033009,Tyler Boyd,WR,2017,2018,1,0.0996884735202492,0.0801720766523269,0.2056531639370026,1.0975609756097562,0.465,22.0,1.0,55.0,10,5.65,97.0,0.3642384105960264,205.0,91.0,0,0.0,5.0,3.0,4.58,34.0,119.0,6.9,4.35,197.0,15.792857142857144,22.0
00-0033282,Curtis Samuel,WR,2017,2018,1,0.0959409594095941,0.1125769569041336,0.2227153089472847,0.44921875,0.37,21.0,0.0,300.0,8,4.1125,116.0,0.23841059602649,256.0,41.0,4,64.0,6.0,2.0,4.31,37.0,119.0,7.09,4.33,196.0,11.566666666666668,38.0
00-0033536,Mike Williams,WR,2017,2018,1,0.0756578947368421,0.0996197718631178,0.1832206824094456,0.3625954198473282,0.347,22.0,0.0,7.0,9,2.277777777777778,138.0,0.0927152317880794,262.0,11.0,0,0.0,8.0,4.0,,32.5,121.0,,,218.0,11.2625,45.0
00-0033871,Corey Davis,WR,2017,2018,1,0.1940298507462686,0.2452271231073074,0.4627037622945181,0.5033557046979866,0.7446153846153846,22.0,0.0,5.0,11,6.5,81.0,0.4701986754966887,745.0,101.0,0,0.0,3.0,2.0,,,,,,209.0,11.475,41.0
00-0033921,Chris Godwin,WR,2017,2018,1,0.0987432675044883,0.1254759432329525,0.2359480615197993,0.7241379310344828,0.405,21.0,0.0,84.0,15,6.166666666666667,87.0,0.4304635761589404,725.0,169.0,0,0.0,5.0,4.0,4.42,36.0,126.0,7.01,4.0,209.0,11.575,37.0
00-0030108,Ryan Griffin,TE,2018,2019,1,0.1016548463356974,0.0862207896857373,0.2128368222835622,0.9501557632398754,0.7706666666666667,28.0,5.0,201.0,13,4.1923076923076925,51.0,0.382716049382716,321.0,150.0,0,0.0,6.0,1.0,,,,,,,7.538461538461538,21.0
00-0033110,Tyler Higbee,TE,2018,2019,1,0.0703933747412008,0.0548240363897534,0.1439668875846286,1.275109170305677,0.6973684210526315,25.0,2.0,110.0,14,4.6571428571428575,46.0,0.4444444444444444,229.0,137.0,0,0.0,7.0,2.0,4.77,,,,,249.0,11.457142857142856,11.0
00-0034829,Mike Gesicki,TE,2018,2019,1,0.082687338501292,0.0873015873015873,0.1851421188630491,0.7345454545454545,0.4475,22.0,0.0,42.0,14,2.8714285714285714,69.0,0.1604938271604938,275.0,96.0,0,0.0,7.0,1.0,4.54,41.5,129.0,6.76,4.1,247.0,9.066666666666666,16.0
00-0027891,Golden Tate,WR,2018,2019,1,0.1527777777777778,0.1507109004739336,0.3346642969984202,0.8742138364779874,0.6105882352941177,30.0,8.0,60.0,8,8.125,78.0,0.4797297297297297,318.0,146.0,1,-8.0,4.0,3.0,4.42,35.0,120.0,7.12,4.34,199.0,13.836363636363636,28.0
00-0031051,John Brown,WR,2018,2019,1,0.180633147113594,0.3336846543001686,0.5045289786805092,0.4516740366392925,0.638235294117647,28.0,4.0,91.0,16,8.99375,66.0,0.5608108108108109,1583.0,156.0,3,4.0,3.0,3.0,4.34,36.5,119.0,6.91,4.12,179.0,14.654666666666666,23.0
00-0031544,Amari Cooper,WR,2018,2019,1,0.1402714932126696,0.2273391812865497,0.3695446667195893,0.9003215434083601,0.8011764705882354,24.0,3.0,4.0,6,9.483333333333334,58.0,0.6148648648648649,311.0,97.0,1,9.0,5.0,3.0,4.42,33.0,120.0,6.71,3.98,211.0,15.40625,14.0
00-0031547,DeVante Parker,WR,2018,2019,1,0.159322033898305,0.2601626016260163,0.421096871985669,0.5082236842105263,0.6709090909090909,25.0,3.0,14.0,11,5.536363636363636,112.0,0.25,608.0,94.0,0,0.0,5.0,4.0,4.45,36.5,125.0,,,209.0,15.3875,15.0
00-0033460,John Ross,WR,2018,2019,1,0.1377672209026128,0.2400356930398572,0.3746758164818192,0.2602230483271375,0.7553846153846154,22.0,1.0,9.0,13,6.53076923076923,99.0,0.3378378378378378,807.0,59.0,4,9.0,3.0,3.0,4.22,37.0,133.0,,,188.0,11.875,40.0
00-0034348,Courtland Sutton,WR,2018,2019,1,0.151624548736462,0.2780269058295964,0.4220556571854106,0.597623089983022,0.761875,22.0,0.0,40.0,16,8.51875,70.0,0.5337837837837838,1178.0,163.0,1,-1.0,3.0,3.0,4.54,35.5,124.0,6.57,4.11,218.0,13.90125,27.0
00-0034764,Michael Gallup,WR,2018,2019,1,0.1434599156118143,0.2647302904564315,0.4005010767372235,0.5297805642633229,0.6911111111111111,22.0,0.0,81.0,15,6.513333333333334,100.0,0.3310810810810811,957.0,173.0,0,0.0,4.0,3.0,4.51,36.0,122.0,6.95,4.37,205.0,15.19285714285714,17.0
00-0034777,D.J. Chark,WR,2018,2019,1,0.0881542699724518,0.1215640727835849,0.2173262559071871,0.554140127388535,0.3936363636363636,21.0,0.0,61.0,10,2.94,139.0,0.0675675675675675,314.0,45.0,0,0.0,7.0,4.0,4.34,40.0,129.0,,,199.0,15.053333333333336,19.0
00-0034827,D.J. Moore,WR,2018,2019,1,0.150735294117647,0.1801955990220048,0.3522398604918739,1.0691994572591588,0.689375,21.0,0.0,24.0,16,9.9375,53.0,0.6486486486486487,737.0,421.0,13,172.0,4.0,2.0,4.42,39.5,132.0,6.95,4.07,210.0,15.366666666666667,16.0
00-0032602,J.D. McKissic,RB,2019,2020,1,0.0809248554913294,0.0008054772452678,0.1219511173086816,5.0,0.231875,26.0,3.0,300.0,15,5.586666666666667,65.0,0.3402061855670103,4.0,237.0,38,205.0,5.0,1.0,,,,,,,11.9625,29.0
00-0034115,Jeffery Wilson,RB,2019,2020,1,0.0240384615384615,0.0082417582417582,0.041826923076923,2.833333333333333,0.0890909090909091,23.0,1.0,300.0,8,5.8625,62.0,0.3711340206185567,12.0,21.0,27,105.0,12.0,4.0,,,,,,210.0,12.936363636363636,24.0
00-0034367,Nyheim Miller-Hines,RB,2019,2020,1,0.1190965092402464,0.0196078431372549,0.192370254056448,4.155844155844156,0.31625,22.0,1.0,104.0,16,7.368749999999999,55.0,0.4432989690721649,77.0,315.0,52,199.0,6.0,1.0,4.38,35.5,119.0,7.18,4.35,198.0,12.075,28.0
00-0035311,Myles Gaskin,RB,2019,2020,1,0.043010752688172,0.0008485362749257,0.065110104424706,5.0,0.2428571428571428,22.0,0.0,300.0,7,4.485714285714286,75.0,0.2371134020618556,2.0,46.0,36,133.0,12.0,4.0,4.58,35.5,118.0,7.19,4.27,205.0,16.419999999999998,11.0
00-0035685,David Montgomery,RB,2019,2020,1,0.0618374558303886,0.0214955408186599,0.107803062318645,1.9680851063829787,0.578125,22.0,0.0,73.0,16,10.65,32.0,0.6804123711340206,94.0,156.0,242,889.0,7.0,2.0,4.63,28.5,121.0,,,222.0,17.653333333333332,6.0
00-0031260,Logan Thomas,TE,2019,2020,1,0.0665083135391924,0.0532603285216525,0.1370447002739453,0.8084112149532711,0.32125,28.0,5.0,120.0,13,3.023076923076923,62.0,0.1973684210526315,214.0,77.0,0,0.0,6.0,2.0,4.61,35.5,118.0,7.05,4.18,248.0,11.03875,6.0
00-0033357,Taysom Hill,TE,2019,2020,1,0.0402193784277879,0.0286422473147893,0.0803786407620344,2.25,0.2364705882352941,29.0,2.0,300.0,16,6.3875,32.0,0.5921052631578947,104.0,149.0,27,156.0,8.0,3.0,,,,,,,9.78875,13.0
00-0033757,Robert Tonyan,TE,2019,2020,1,0.0490196078431372,0.0560283687943262,0.1127492699207342,0.6329113924050633,0.2630769230769231,25.0,2.0,300.0,9,2.8888888888888884,63.0,0.1842105263157894,158.0,26.0,0,0.0,9.0,2.0,,,,,,,11.773333333333332,5.0
00-0034830,Hayden Hurst,TE,2019,2020,1,0.0944309927360774,0.0893582453290008,0.2041972608344168,1.0575757575757576,0.4211764705882353,26.0,1.0,25.0,16,4.80625,45.0,0.4210526315789473,330.0,148.0,0,0.0,6.0,3.0,4.67,31.5,120.0,7.19,4.37,250.0,9.31875,16.0
00-0035229,T.J. Hockenson,TE,2019,2020,1,0.1439024390243902,0.1105710814094775,0.2932534155232196,0.8065934065934066,0.6316666666666667,22.0,0.0,300.0,12,6.7250000000000005,28.0,0.6447368421052632,455.0,200.0,0,0.0,4.0,1.0,4.7,37.5,123.0,7.02,4.18,251.0,10.95625,7.0
00-0035644,Noah Fant,TE,2019,2020,1,0.1422413793103448,0.151051051051051,0.3190978047012529,1.117296222664016,0.684375,21.0,0.0,20.0,16,6.9375,27.0,0.6578947368421053,503.0,330.0,3,-12.0,4.0,1.0,4.5,39.5,127.0,6.81,4.22,249.0,10.664285714285716,8.0
00-0031236,Brandin Cooks,WR,2019,2020,1,0.1301989150090416,0.2303280568937829,0.3565280123392105,0.5806772908366534,0.7128571428571429,25.0,5.0,20.0,14,8.392857142857142,73.0,0.5294117647058824,1004.0,169.0,6,52.0,5.0,3.0,4.33,36.0,120.0,6.76,3.81,189.0,15.466666666666669,17.0
00-0033857,JuJu Smith-Schuster,WR,2019,2020,1,0.1804123711340206,0.2243021346469622,0.4276300509539045,0.808199121522694,0.7741666666666666,22.0,2.0,62.0,12,9.433333333333334,63.0,0.5947712418300654,683.0,222.0,0,0.0,2.0,2.0,4.54,32.5,120.0,,,215.0,14.63125,24.0
00-0033871,Corey Davis,WR,2019,2020,1,0.1725,0.2366020524515393,0.4243714367160775,0.7240963855421687,0.765,24.0,2.0,5.0,15,7.673333333333333,77.0,0.5032679738562091,830.0,217.0,0,0.0,3.0,2.0,,,,,,209.0,13.671428571428573,32.0
00-0034960,Jakobi Meyers,WR,2019,2020,1,0.0964705882352941,0.1303676243435279,0.2359632193934107,0.8507109004739336,0.3673333333333333,22.0,0.0,300.0,11,5.627272727272727,102.0,0.3398692810457516,422.0,114.0,0,0.0,7.0,5.0,4.63,37.0,118.0,7.07,4.23,203.0,11.876666666666669,42.0
00-0030578,Cordarrelle Patterson,RB,2020,2021,1,0.0447227191413237,0.0202292650033715,0.0812445642143457,1.4666666666666666,0.1917647058823529,29.0,7.0,29.0,15,4.626666666666667,77.0,0.2692307692307692,90.0,114.0,64,232.0,8.0,2.0,4.42,37.0,128.0,,,216.0,14.6625,18.0
00-0033856,Leonard Fournette,RB,2020,2021,1,0.0997876857749469,0.0016332244517032,0.1508247857786126,5.0,0.5111764705882352,25.0,3.0,4.0,12,11.0,32.0,0.7019230769230769,7.0,235.0,97,367.0,6.0,1.0,4.51,28.5,,,,240.0,18.257142857142856,4.0
00-0034301,Darrel Williams,RB,2020,2021,1,0.0514851485148514,-0.0055193176116407,0.0733642004441287,-2.0,0.3057894736842105,25.0,2.0,300.0,13,4.1923076923076925,83.0,0.2115384615384615,-22.0,156.0,39,169.0,8.0,2.0,4.72,32.0,109.0,,4.21,225.0,11.529411764705882,31.0
00-0031951,James O'Shaughnessy,TE,2020,2021,1,0.0692167577413479,0.0616978158072506,0.1470136076770972,0.9562043795620438,0.4753333333333333,28.0,5.0,173.0,15,3.6133333333333337,61.0,0.240506329113924,274.0,94.0,0,0.0,10.0,2.0,,,,,,,7.2,23.0
00-0033885,David Njoku,TE,2020,2021,1,0.0835734870317002,0.0720480320213475,0.1757938529624937,0.9861111111111112,0.4679999999999999,24.0,3.0,29.0,11,4.754545454545454,50.0,0.379746835443038,216.0,87.0,0,0.0,9.0,3.0,4.64,37.5,133.0,6.97,4.34,246.0,7.173333333333334,24.0
00-0035689,Dawson Knox,TE,2020,2021,1,0.1060240963855421,0.0998059329082339,0.228900297614077,0.8,0.6006666666666667,23.0,1.0,96.0,11,6.072727272727272,35.0,0.569620253164557,360.0,160.0,0,0.0,5.0,1.0,,34.5,,7.12,4.27,254.0,10.913333333333332,10.0
00-0034418,Cedrick Wilson,WR,2020,2021,1,0.0677966101694915,0.0821825530481643,0.1592227023879523,0.7745901639344263,0.2,24.0,2.0,208.0,10,5.162,119.0,0.2435897435897435,244.0,113.0,3,-12.0,6.0,4.0,4.55,37.0,121.0,6.89,4.23,197.0,10.558571428571428,48.0
00-0034983,Hunter Renfrow,WR,2020,2021,1,0.1521739130434782,0.1266203703703703,0.3168951288244767,1.19926873857404,0.511875,24.0,1.0,149.0,16,8.225,77.0,0.5128205128205128,547.0,338.0,0,0.0,3.0,2.0,4.59,35.0,116.0,6.8,4.19,184.0,15.241176470588236,18.0
00-0035719,Deebo Samuel,WR,2020,2021,1,0.1856540084388185,0.0750853242320819,0.3310407396206852,3.5545454545454547,0.6442857142857142,24.0,1.0,36.0,7,11.528571428571428,46.0,0.7115384615384616,110.0,398.0,8,26.0,3.0,2.0,4.48,39.0,122.0,7.03,4.14,214.0,21.185,3.0
00-0036252,Michael Pittman,WR,2020,2021,1,0.1408775981524249,0.1637239165329053,0.3259231388016711,0.9862745098039216,0.7871428571428571,22.0,0.0,34.0,13,7.607692307692308,85.0,0.4615384615384615,510.0,293.0,3,26.0,3.0,2.0,4.52,36.5,121.0,6.96,4.14,223.0,14.03529411764706,26.0
00-0036357,Henry Ruggs,WR,2020,2021,1,0.1061728395061728,0.2132877102936983,0.3085606564648481,0.6042780748663101,0.6646153846153846,21.0,0.0,12.0,13,6.46923076923077,104.0,0.3397435897435897,748.0,145.0,9,49.0,4.0,3.0,4.27,42.0,131.0,,,188.0,12.071428571428571,35.0
00-0030513,Latavius Murray,RB,2021,2022,1,0.0282608695652173,0.0002534211860111,0.0425686991780338,5.0,0.3771428571428571,31.0,8.0,181.0,14,7.399999999999999,60.0,0.4271844660194174,1.0,71.0,119,501.0,10.0,3.0,,,,,,,11.725,27.0
00-0031376,Jerick McKinnon,RB,2021,2022,1,0.0668896321070234,-0.0040687160940325,0.0974863468947123,-2.0,0.285,29.0,7.0,96.0,7,5.128571428571428,81.0,0.2233009708737864,-9.0,134.0,12,62.0,8.0,3.0,4.41,40.5,132.0,6.83,4.12,209.0,11.547058823529412,28.0
00-0034844,Saquon Barkley,RB,2021,2022,1,0.1325581395348837,0.0089232599643069,0.2050834912773404,5.0,0.6169230769230769,24.0,3.0,2.0,13,11.430769230769233,32.0,0.6990291262135923,30.0,298.0,162,593.0,6.0,1.0,4.4,41.0,,,4.24,233.0,17.75,6.0
00-0036875,Rhamondre Stevenson,RB,2021,2022,1,0.0545454545454545,-0.0019201228878648,0.0804740957966764,-2.0,0.3507692307692308,23.0,0.0,120.0,12,9.575,41.0,0.6116504854368932,-5.0,145.0,133,606.0,8.0,2.0,4.64,31.5,112.0,7.09,4.15,231.0,14.652941176470588,12.0
00-0033881,Evan Engram,TE,2021,2022,1,0.1480730223123732,0.1070488446914302,0.297043724752561,1.1147540983606556,0.7466666666666666,26.0,4.0,23.0,15,6.833333333333333,28.0,0.6493506493506493,366.0,185.0,1,-3.0,4.0,1.0,4.42,36.0,125.0,6.92,4.23,234.0,10.405882352941177,9.0
00-0034364,Jordan Akins,TE,2021,2022,1,0.0854922279792746,0.0735085227272727,0.1796943078780028,1.0338164251207729,0.4,29.0,3.0,98.0,12,3.475,62.0,0.2077922077922078,207.0,81.0,1,3.0,8.0,3.0,,,,,,249.0,7.766666666666667,20.0
00-0036040,Juwan Johnson,TE,2021,2022,1,0.0694006309148265,0.093312597200622,0.1694197644126752,0.6625,0.2685714285714285,24.0,1.0,300.0,12,4.408333333333334,50.0,0.3636363636363636,240.0,42.0,0,0.0,11.0,3.0,4.58,33.0,124.0,6.94,4.37,230.0,8.425,18.0
00-0033891,Zay Jones,WR,2021,2022,1,0.1318267419962335,0.2272516248839368,0.356816250413106,0.557711950970378,0.5855555555555555,26.0,4.0,37.0,15,7.06,86.0,0.46875,979.0,170.0,2,3.0,4.0,3.0,4.45,36.5,133.0,6.79,4.01,201.0,12.38125,31.0
00-0036407,Jerry Jeudy,WR,2021,2022,1,0.2,0.2630415561450044,0.4841290893015031,0.7848739495798319,0.6559999999999999,22.0,1.0,15.0,10,8.5,68.0,0.58125,595.0,178.0,2,3.0,1.0,1.0,4.45,35.0,120.0,,4.53,193.0,13.613333333333332,20.0
00-0036988,Josh Palmer,WR,2021,2022,1,0.0837606837606837,0.1097150549697105,0.202441564119823,0.721881390593047,0.3823529411764705,21.0,0.0,77.0,15,6.193333333333333,96.0,0.40625,489.0,100.0,1,6.0,5.0,3.0,,,,,,,10.58125,45.0
00-0031687,Raheem Mostert,RB,2022,2023,1,0.0836653386454183,0.010145846544071,0.1326001005489772,4.208333333333333,0.5675,30.0,7.0,300.0,16,10.51875,33.0,0.6767676767676768,48.0,179.0,181,891.0,6.0,2.0,,,,,,,17.846666666666668,4.0
00-0036251,Zack Moss,RB,2022,2023,1,0.0204081632653061,0.0,0.0306122448979591,,0.293076923076923,24.0,2.0,86.0,8,5.9625,63.0,0.3737373737373737,0.0,13.0,76,365.0,11.0,4.0,4.65,33.0,,,4.37,223.0,12.114285714285714,28.0
00-0037197,Isiah Pacheco,RB,2022,2023,1,0.0229508196721311,-0.0019793270288102,0.0330407005880295,-2.0,,23.0,0.0,251.0,17,7.9411764705882355,51.0,0.494949494949495,-9.0,157.0,170,830.0,12.0,3.0,4.37,33.0,118.0,,,216.0,15.278571428571428,14.0
00-0037228,Jaylen Warren,RB,2022,2023,1,0.063953488372093,-0.0036925917378259,0.0933454183416613,-2.0,,23.0,0.0,300.0,16,5.83125,64.0,0.3636363636363636,-16.0,225.0,77,379.0,7.0,2.0,4.55,31.5,119.0,,,204.0,11.552941176470588,29.0
00-0037248,James Cook,RB,2022,2023,1,0.0591497227356746,0.0163151611619578,0.1001451969168824,2.1951219512195124,,22.0,0.0,63.0,16,6.60625,60.0,0.404040404040404,82.0,132.0,89,507.0,7.0,2.0,4.42,33.0,124.0,,,199.0,13.688235294117646,19.0
00-0037256,Rachaad White,RB,2022,2023,1,0.0849194729136164,-0.0037609694943585,0.1247465307243736,-2.0,,23.0,0.0,91.0,16,8.81875,45.0,0.5555555555555556,-18.0,319.0,129,481.0,8.0,2.0,4.48,38.0,125.0,,,214.0,15.758823529411764,10.0
00-0037840,Kyren Williams,RB,2022,2023,1,0.056338028169014,0.0105919003115264,0.0919213724715896,4.470588235294118,,22.0,0.0,164.0,8,3.8125,81.0,0.1919191919191919,17.0,80.0,35,139.0,10.0,2.0,4.65,32.0,116.0,,,194.0,21.25,2.0
00-0033858,Jonnu Smith,TE,2022,2023,1,0.1038251366120218,0.0394826412525527,0.1833755537948197,2.112068965517241,0.48,27.0,5.0,100.0,12,4.333333333333333,50.0,0.4235294117647059,116.0,200.0,1,5.0,7.0,2.0,4.62,38.0,127.0,,4.18,248.0,8.28,17.0
00-0038041,Jake Ferguson,TE,2022,2023,1,0.0637681159420289,0.0266343825665859,0.1142962417096536,2.25974025974026,,23.0,0.0,129.0,11,4.4,48.0,0.4470588235294118,77.0,124.0,0,0.0,6.0,2.0,4.81,31.5,118.0,7.03,4.48,250.0,10.41764705882353,10.0
00-0032775,Demarcus Robinson,WR,2022,2023,1,0.1712328767123287,0.1790728476821192,0.3822003084459765,0.6775147928994083,0.5694444444444444,27.0,6.0,126.0,16,6.4875,90.0,0.422077922077922,676.0,150.0,0,0.0,3.0,2.0,4.59,34.5,123.0,6.77,4.19,203.0,10.925,43.0
00-0033307,Kendrick Bourne,WR,2022,2023,1,0.0989690721649484,0.1273572720227331,0.2376036986633358,0.8803245436105477,0.4425,27.0,5.0,300.0,16,5.51875,99.0,0.3636363636363636,493.0,145.0,6,39.0,8.0,5.0,4.68,34.0,125.0,6.73,4.21,203.0,12.5,34.0
00-0036554,Nico Collins,WR,2022,2023,1,0.1913043478260869,0.3197194719471947,0.5107601521021667,0.6206451612903225,0.717,23.0,1.0,89.0,10,9.71,55.0,0.6493506493506493,775.0,143.0,0,0.0,2.0,2.0,4.43,37.5,125.0,6.78,4.29,215.0,17.36,7.0
00-0036139,Rico Dowdle,RB,2023,2024,1,0.0390070921985815,-0.0025322283609576,0.0567380784452019,-2.0,0.2211764705882353,25.0,3.0,300.0,16,5.71875,58.0,0.4183673469387755,-11.0,170.0,89,361.0,8.0,2.0,4.54,38.0,127.0,,,213.0,12.3625,24.0
00-0038597,Chase Brown,RB,2023,2024,1,0.0434782608695652,-0.0224663005491762,0.0494909809199244,-2.0,0.1183333333333333,23.0,0.0,163.0,10,5.35,63.0,0.3673469387755102,-45.0,194.0,44,179.0,10.0,2.0,4.43,40.0,127.0,,,209.0,15.9375,14.0
00-0034829,Mike Gesicki,TE,2023,2024,1,0.0916496945010183,0.1081004798193621,0.2131448776250809,0.6370757180156658,0.5029411764705882,27.0,5.0,42.0,15,4.36,45.0,0.4698795180722891,383.0,88.0,0,0.0,8.0,2.0,4.54,41.5,129.0,6.76,4.1,247.0,8.84375,17.0
00-0036259,Jauan Jennings,WR,2023,2024,1,0.1054313099041533,0.1293267402054013,0.2486756830000109,0.7794117647058824,0.465625,26.0,3.0,217.0,12,4.291666666666667,115.0,0.3090909090909091,340.0,89.0,0,0.0,5.0,3.0,4.72,29.0,119.0,,,215.0,14.033333333333331,27.0
00-0036309,Darnell Mooney,WR,2023,2024,1,0.1532663316582914,0.216867469879518,0.3817067264030998,0.6571428571428571,0.7466666666666666,25.0,3.0,173.0,14,5.635714285714286,87.0,0.4787878787878787,630.0,181.0,2,5.0,3.0,2.0,4.38,37.0,124.0,,,176.0,12.075,37.0
00-0036550,Rashod Bateman,WR,2023,2024,1,0.1314553990610328,0.2156914893617021,0.3481671411447408,0.4525277435265105,0.5805555555555555,23.0,2.0,27.0,15,5.1,99.0,0.406060606060606,811.0,59.0,1,18.0,4.0,3.0,4.39,36.0,123.0,,,190.0,10.9125,46.0
00-0037240,Jameson Williams,WR,2023,2024,1,0.1007194244604316,0.2375848517327617,0.3173885329035806,0.5323308270676692,0.5593333333333333,22.0,1.0,12.0,12,6.691666666666666,76.0,0.5454545454545454,665.0,105.0,3,29.0,5.0,3.0,,,,,,179.0,14.146666666666668,26.0
00-0038544,Quentin Johnston,WR,2023,2024,1,0.1092985318107667,0.1871332319061073,0.2949410600504252,0.5005807200929152,0.65,21.0,0.0,21.0,17,5.529411764705882,93.0,0.4424242424242424,861.0,152.0,3,9.0,5.0,3.0,,40.5,134.0,,,208.0,11.646666666666668,42.0
