season,season_type,week,player_display_name,player_position,team_abbr,efficiency,percent_attempts_gte_eight_defenders,avg_time_to_los,rush_attempts,rush_yards,avg_rush_yards,rush_touchdowns,player_gsis_id,player_first_name,player_last_name,player_jersey_number,player_short_name,expected_rush_yards,rush_yards_over_expected,rush_yards_over_expected_per_att,rush_pct_over_expected
2016,REG,0,David Johnson,RB,ARI,3.869200968523003,25.597269624573375,2.6375078124999995,293,1239,4.228668941979522,16,00-0032187,David,Johnson,31,D.Johnson,,,,
2016,REG,0,Latavius Murray,RB,LV,3.9130710659898473,45.64102564102564,2.5891712707182335,195,788,4.041025641025641,12,00-0030513,Latavius,Murray,28,L.Murray,,,,
2016,REG,0,Jonathan Stewart,RB,CAR,4.37992718446602,38.07339449541284,2.834389743589743,218,824,3.779816513761468,9,00-0026153,Jonathan,Stewart,28,J.Stewart,,,,
2016,REG,0,LeSean McCoy,RB,BUF,3.9576400947119184,26.923076923076923,3.003444444444444,234,1267,5.414529914529915,13,00-0027029,LeSean,McCoy,25,L.McCoy,,,,
2016,REG,0,Doug Martin,RB,TB,5.17163895486936,33.33333333333333,2.8401652892561984,144,421,2.923611111111111,3,00-0029613,Douglas,Martin,22,,,,,
2016,REG,0,Paul Perkins,RB,NYG,3.6825657894736863,5.357142857142857,2.5745514018691584,112,456,4.071428571428571,0,00-0032417,Paul,Perkins,28,P.Perkins,,,,
2016,REG,0,C.J. Anderson,RB,DEN,4.113478260869565,22.727272727272727,2.49030612244898,110,437,3.9727272727272727,4,00-0029854,Cortrelle,Anderson,22,C.Anderson,,,,
2016,REG,0,Tim Hightower,RB,NO,3.7370437956204365,27.819548872180448,2.553854838709678,133,548,4.120300751879699,4,00-0026289,Tim,Hightower,34,T.Hightower,,,,
2016,REG,0,Matt Asiata,RB,MIN,3.999452736318411,38.84297520661157,2.256415929203541,121,402,3.322314049586777,6,00-0028198,Matt,Asiata,44,M.Asiata,,,,
2016,REG,0,Jay Ajayi,RB,MIA,3.9076100628930805,23.076923076923077,2.7522027027027027,260,1272,4.892307692307693,8,00-0031590,Jay,Ajayi,23,J.Ajayi,,,,
2016,REG,0,Devonta Freeman,RB,ATL,4.0473401297497675,33.03964757709251,2.681221649484536,227,1079,4.753303964757709,11,00-0031285,Devonta,Freeman,24,D.Freeman,,,,
2016,REG,0,Jerick McKinnon,RB,MIN,4.868923933209647,25.78616352201258,2.640301470588236,159,539,3.389937106918239,2,00-0031376,Jerick,McKinnon,21,J.McKinnon,,,,
2016,REG,0,Carlos Hyde,RB,SF,3.8389676113360314,12.903225806451612,2.675216931216931,217,988,4.552995391705069,6,00-0031045,Carlos,Hyde,28,C.Hyde,,,,
2016,REG,0,Bilal Powell,RB,NYJ,3.2576038781163446,9.16030534351145,2.716583333333332,131,722,5.511450381679389,3,00-0028064,Bilal,Powell,29,B.Powell,,,,
2016,REG,0,LeGarrette Blount,RB,NE,4.074013781223086,43.47826086956522,2.6807575757575774,299,1161,3.882943143812709,18,00-0027325,LeGarrette,Blount,29,L.Blount,,,,
2016,REG,0,Giovani Bernard,RB,CIN,4.864451038575669,6.593406593406594,2.7615421686746995,91,337,3.7032967032967035,2,00-0030456,Giovani,Bernard,25,G.Bernard,,,,
2016,REG,0,Jeremy Hill,RB,CIN,4.382038140643624,19.81981981981982,2.613369999999999,222,839,3.779279279279279,9,00-0031301,Jeremy,Hill,32,,,,,
2016,REG,0,Rashad Jennings,RB,NYG,4.270439189189188,6.666666666666667,2.5109565217391308,180,592,3.2888888888888888,3,00-0027155,Rashad,Jennings,23,R.Jennings,,,,
2016,REG,0,Dwayne Washington,RB,DET,5.354360902255639,17.77777777777778,2.897609756097561,90,266,2.9555555555555557,1,00-0032450,Dwayne,Washington,36,,,,,
2016,REG,0,Devontae Booker,RB,DEN,4.505098039215687,24.137931034482758,2.4843607594936703,174,612,3.5172413793103448,4,00-0032972,Devontae,Booker,23,D.Booker,,,,
2016,REG,0,Kenneth Dixon,RB,BAL,4.082931937172775,20.454545454545457,2.7949066666666664,88,382,4.340909090909091,2,00-0032411,Kenneth,Dixon,30,K.Dixon,,,,
2016,REG,0,Mark Ingram,RB,NO,3.456490891658675,18.536585365853657,2.5829790575916234,205,1043,5.087804878048781,6,00-0027966,Mark,Ingram,22,M.Ingram,,,,
2016,REG,0,Melvin Gordon,RB,LAC,4.083901705115346,36.22047244094488,2.5134117647058827,254,997,3.925196850393701,10,00-0032144,Melvin,Gordon,28,,,,,
2016,REG,0,Charcandrick West,RB,KC,4.908395904436858,27.27272727272727,2.8742368421052626,88,293,3.3295454545454546,1,00-0030668,Charcandrick,West,35,C.West,,,,
2016,REG,0,T.J. Yeldon,RB,JAX,4.513744588744587,18.6046511627907,2.580464285714286,129,462,3.5813953488372094,1,00-0032209,Timothy,Yeldon,24,T.Yeldon,,,,
2016,REG,0,Matt Forte,RB,NYJ,4.21070110701107,14.678899082568808,2.6368564102564105,218,813,3.729357798165138,7,00-0026184,Matthew,Forte,22,M.Forte,,,,
2016,REG,0,Isaiah Crowell,RB,CLE,3.512090336134455,26.767676767676768,2.751632530120481,198,952,4.808080808080808,7,00-0030656,Isaiah,Crowell,34,I.Crowell,,,,
2016,REG,0,Tevin Coleman,RB,ATL,4.342923076923076,27.966101694915253,2.7682336448598135,118,520,4.406779661016949,8,00-0032058,Tevin,Coleman,26,T.Coleman,,,,
2016,REG,0,DeAndre Washington,RB,LV,3.1377730192719486,20.689655172413794,2.588197530864198,87,467,5.367816091954023,2,00-0032940,DeAndre,Washington,33,D.Washington,,,,
2016,REG,0,Todd Gurley,RB,LAR,4.7833785310734465,25.899280575539567,2.533310204081632,278,885,3.183453237410072,6,00-0032241,Todd,Gurley,30,T.Gurley,,,,
2016,REG,0,Chris Ivory,RB,JAX,4.812850574712643,21.1864406779661,2.8285,118,435,3.6864406779661016,3,00-0027531,Chris,Ivory,33,,,,,
2016,REG,0,DeMarco Murray,RB,TEN,4.187264224473888,46.75767918088737,2.9033038461538467,293,1283,4.378839590443686,9,00-0028009,DeMarco,Murray,29,D.Murray,,,,
2016,REG,0,Jordan Howard,RB,CHI,3.616641279512565,27.77777777777778,2.7219004329004335,252,1313,5.2103174603174605,6,00-0032780,Jordan,Howard,24,J.Howard,,,,
2016,REG,0,Le'Veon Bell,RB,PIT,3.9478785488958983,24.521072796934863,3.072778225806453,261,1268,4.85823754789272,7,00-0030496,Le'Veon,Bell,26,L.Bell,,,,
2016,REG,0,Jacquizz Rodgers,RB,TB,3.6650178571428587,24.8062015503876,2.680044642857143,129,560,4.341085271317829,2,00-0028083,Jacquizz,Rodgers,32,J.Rodgers,,,,
2016,REG,0,Ezekiel Elliott,RB,DAL,3.6513059472716116,28.88198757763975,2.805418918918917,322,1631,5.065217391304348,15,00-0033045,Ezekiel,Elliott,21,E.Elliott,,,,
2016,REG,0,Darren Sproles,RB,PHI,3.9798858447488596,10.638297872340425,2.8127926829268297,94,438,4.659574468085107,2,00-0023564,Darren,Sproles,43,D.Sproles,,,,
2016,REG,0,Terrance West,RB,BAL,4.158560311284045,21.875,2.804792899408283,192,771,4.015625,5,00-0031375,Terrance,West,28,T.West,,,,
2016,REG,0,DeAngelo Williams,RB,PIT,4.957172011661808,24.489795918367346,3.0757142857142856,98,343,3.5,4,00-0024242,DeAngelo,Williams,34,D.Williams,,,,
2016,REG,0,Matt Jones,RB,WAS,3.8946086956521753,29.292929292929294,2.8340227272727274,99,460,4.646464646464646,3,00-0031939,Matt,Jones,31,,,,,
2016,REG,0,Theo Riddick,RB,DET,4.525714285714288,13.043478260869565,2.7401351351351346,92,357,3.880434782608696,1,00-0030107,Theo,Riddick,25,,,,,
2016,REG,0,Frank Gore,RB,IND,3.7029941291585113,20.912547528517113,2.3430564516129038,263,1022,3.8859315589353614,4,00-0023500,Frank,Gore,23,F.Gore,,,,
2016,REG,0,Alfred Blue,RB,HOU,3.7713333333333314,20.0,2.400329787234043,100,420,4.2,1,00-0031075,Alfred,Blue,28,A.Blue,,,,
2016,REG,0,Lamar Miller,RB,HOU,4.027347703842548,26.591760299625467,2.5244837398373976,267,1067,3.9962546816479403,5,00-0029615,Lamar,Miller,26,L.Miller,,,,
2016,REG,0,Rob Kelley,RB,WAS,4.077017045454545,22.61904761904762,2.684644736842105,168,704,4.190476190476191,6,00-0032371,Robert,Kelley,32,R.Kelley,,,,
2016,REG,0,Christine Michael,RB,GB,4.576466552315608,20.945945945945947,2.6025859374999993,148,583,3.939189189189189,7,00-0030432,Christine,Michael,32,C.Michael,,,,
2016,REG,0,Spencer Ware,RB,KC,3.966449511400651,21.962616822429908,2.820456852791878,214,921,4.303738317757009,3,00-0030414,Spencer,Ware,32,S.Ware,,,,
2016,REG,0,Ryan Mathews,RB,PHI,4.391981845688351,21.935483870967744,2.6877058823529403,155,661,4.264516129032258,8,00-0027864,Ryan,Mathews,24,,,,,
2016,REG,0,Justin Forsett,RB,DEN,5.292508591065294,8.045977011494253,2.806716216216217,87,291,3.3448275862068964,1,00-0026373,Justin,Forsett,20,J.Forsett,,,,
2016,REG,0,Thomas Rawls,RB,SEA,4.920143266475645,18.34862385321101,2.5330967741935493,109,349,3.2018348623853212,3,00-0031897,Thomas,Rawls,34,T.Rawls,,,,
2016,REG,0,Zach Zenner,FB,DET,3.9841616766467065,19.318181818181817,2.581418918918919,88,334,3.7954545454545454,4,00-0031665,Zach,Zenner,34,Z.Zenner,,,,
2016,REG,0,Derrick Henry,RB,TEN,4.1207346938775515,52.72727272727272,2.793009803921568,110,490,4.454545454545454,5,00-0032764,Derrick,Henry,22,D.Henry,,,,
2016,REG,0,Mike Gillislee,RB,BUF,3.4515944540727914,45.54455445544555,2.6981170212765955,101,577,5.712871287128713,8,00-0030433,Mike,Gillislee,35,M.Gillislee,,,,
2017,REG,0,Samaje Perine,RB,WAS,4.455854063018243,38.285714285714285,2.787753164556963,175,603,3.4457142857142857,1,00-0033526,Samaje,Perine,32,S.Perine,,,,
2017,REG,0,Ezekiel Elliott,RB,DAL,4.001637843336724,35.12396694214876,2.9013677130044853,242,983,4.06198347107438,7,00-0033045,Ezekiel,Elliott,21,E.Elliott,,,,
2017,REG,0,Tevin Coleman,RB,ATL,4.284012738853502,24.358974358974358,2.7700222222222224,156,628,4.0256410256410255,5,00-0032058,Tevin,Coleman,26,T.Coleman,,,,
2017,REG,0,Jamaal Williams,RB,GB,3.618111510791367,21.568627450980394,2.721156462585032,153,556,3.633986928104575,4,00-0033948,Jamaal,Williams,30,J.Williams,,,,
2017,REG,0,Melvin Gordon,RB,LAC,4.150705882352943,29.577464788732392,2.695591093117408,284,1105,3.890845070422535,8,00-0032144,Melvin,Gordon,28,M.Gordon,,,,
2017,REG,0,Derrick Henry,RB,TEN,4.332930107526883,50.0,2.99298,176,744,4.2272727272727275,5,00-0032764,Derrick,Henry,22,D.Henry,,,,
2017,REG,0,DeMarco Murray,RB,TEN,4.350713201820944,35.32608695652174,2.7859580838323357,184,659,3.5815217391304346,6,00-0028009,DeMarco,Murray,29,D.Murray,,,,
2017,REG,0,Chris Ivory,RB,JAX,4.4984554973821975,50.89285714285714,2.6619622641509433,112,382,3.4107142857142856,1,00-0027531,Christopher,Ivory,33,C.Ivory,,,,
2017,REG,0,Matt Breida,RB,SF,4.314150537634409,27.61904761904762,2.6899052631578955,105,465,4.428571428571429,2,00-0033308,Matthew,Breida,22,M.Breida,,,,
2017,REG,0,Doug Martin,RB,TB,5.111403940886699,33.33333333333333,2.9158474576271196,138,406,2.9420289855072466,3,00-0029613,Douglas,Martin,22,D.Martin,,,,
2017,REG,0,Frank Gore,RB,IND,3.7317065556711766,26.053639846743295,2.5531659574468093,261,961,3.681992337164751,3,00-0023500,Frank,Gore,23,F.Gore,,,,
2017,REG,0,Marlon Mack,RB,IND,4.643798882681563,21.50537634408602,3.064878378378378,93,358,3.849462365591398,3,00-0033951,Marlon,Mack,25,M.Mack,,,,
2017,REG,0,Ameer Abdullah,RB,DET,5.099474637681157,18.787878787878785,3.0355407407407413,165,552,3.3454545454545452,4,00-0032104,Ameer,Abdullah,21,A.Abdullah,,,,
2017,REG,0,C.J. Anderson,RB,DEN,3.6432571996027803,22.040816326530614,2.551026785714285,245,1007,4.110204081632653,3,00-0029854,Cortrelle,Anderson,22,C.Anderson,,,,
2017,REG,0,Carlos Hyde,RB,SF,4.492354188759282,37.916666666666664,2.8121787439613555,240,943,3.9291666666666667,8,00-0031045,Carlos,Hyde,28,C.Hyde,,,,
2017,REG,0,Latavius Murray,RB,MIN,3.8630760095011882,38.88888888888889,2.6756718750000004,216,842,3.8981481481481484,8,00-0030513,Latavius,Murray,25,L.Murray,,,,
2017,REG,0,Bilal Powell,RB,NYJ,3.9939766839378255,33.70786516853933,2.9672987012987013,178,772,4.337078651685394,5,00-0028064,Bilal,Powell,29,B.Powell,,,,
2017,REG,0,Marshawn Lynch,RB,LV,3.81117117117117,33.81642512077295,2.7203817204301064,207,888,4.2898550724637685,7,00-0025399,Marshawn,Lynch,24,M.Lynch,,,,
2017,REG,0,Jordan Howard,RB,CHI,4.654429590017826,43.11594202898551,2.9976853448275858,276,1122,4.065217391304348,9,00-0032780,Jordan,Howard,24,Jo.Howard,,,,
2017,REG,0,Matt Forte,RB,NYJ,3.9266315789473683,18.446601941747574,2.7216808510638297,103,380,3.6893203883495147,2,00-0026184,Matt,Forte,22,M.Forte,,,,
2017,REG,0,Mike Gillislee,RB,NE,4.206187989556136,50.96153846153846,2.5775729166666665,104,383,3.6826923076923075,5,00-0030433,Mike,Gillislee,35,M.Gillislee,,,,
2017,REG,0,Devonta Freeman,RB,ATL,4.102231213872832,27.55102040816326,2.8622707182320437,196,865,4.413265306122449,7,00-0031285,Devonta,Freeman,24,D.Freeman,,,,
2017,REG,0,Tarik Cohen,RB,CHI,5.303783783783783,24.137931034482758,3.334921875,87,370,4.252873563218391,2,00-0033556,Tarik,Cohen,29,T.Cohen,,,,
2017,REG,0,Lamar Miller,RB,HOU,3.7298761261261277,24.369747899159663,2.5906203703703703,238,888,3.73109243697479,3,00-0029615,Lamar,Miller,26,L.Miller,,,,
2017,REG,0,Peyton Barber,RB,TB,3.896879432624114,33.33333333333333,2.8691372549019607,108,423,3.9166666666666665,3,00-0032741,Kenneth,Barber,25,P.Barber,,,,
2017,REG,0,Christian McCaffrey,RB,CAR,4.627517241379312,21.367521367521366,2.8237692307692317,117,435,3.717948717948718,2,00-0033280,Christian,McCaffrey,22,C.McCaffrey,,,,
2017,REG,0,Adrian Peterson,RB,ARI,4.813100189035917,39.743589743589745,2.7797819548872176,156,529,3.391025641025641,2,00-0025394,Adrian,Peterson,23,A.Peterson,,,,
2017,REG,0,Alex Collins,RB,BAL,4.229260020554985,32.54716981132076,3.017918032786884,212,973,4.589622641509434,6,00-0032426,Alex,Collins,34,A.Collins,,,,
2017,REG,0,Javorius Allen,RB,BAL,3.774382402707274,41.830065359477125,2.413280303030302,153,591,3.8627450980392157,4,00-0031577,Javorius,Allen,37,J.Allen,,,,
2017,REG,0,Todd Gurley,RB,LAR,3.860321839080458,16.845878136200717,2.777752032520325,279,1305,4.67741935483871,13,00-0032241,Todd,Gurley,30,T.Gurley,,,,
2017,REG,0,Leonard Fournette,RB,JAX,4.006115384615384,48.507462686567166,2.5232033898305075,268,1040,3.8805970149253732,9,00-0033856,Leonard,Fournette,27,L.Fournette,,,,
2017,REG,0,Alfred Morris,RB,DAL,3.5065447897623394,38.26086956521739,2.8056990291262136,115,547,4.756521739130434,1,00-0029141,Alfred,Morris,46,A.Morris,,,,
2017,REG,0,Kerwynn Williams,RB,ARI,4.12249411764706,35.833333333333336,2.683718181818183,120,425,3.5416666666666665,1,00-0030117,Kerwynn,Williams,33,K.Williams,,,,
2017,REG,0,Jonathan Stewart,RB,CAR,4.63205882352941,51.010101010101,2.837988636363636,198,680,3.4343434343434343,6,00-0026153,Jonathan,Stewart,28,J.Stewart,,,,
2017,REG,0,Jerick McKinnon,RB,MIN,4.823631578947368,22.666666666666664,3.0078571428571435,150,570,3.8,3,00-0031376,Jerick,McKinnon,21,J.McKinnon,,,,
2017,REG,0,Orleans Darkwa,RB,NYG,3.3385543766578274,44.44444444444444,2.5939999999999985,171,754,4.409356725146199,5,00-0030860,Orleans,Darkwa,26,O.Darkwa,,,,
2017,REG,0,Kareem Hunt,RB,KC,3.581522230595328,23.161764705882355,2.8887137096774187,272,1327,4.8786764705882355,8,00-0033923,Kareem,Hunt,27,K.Hunt,,,,
2017,REG,0,Kenyan Drake,RB,MIA,3.6077484472049686,20.30075187969925,2.895517857142859,133,644,4.842105263157895,3,00-0033118,Kenyan,Drake,32,K.Drake,,,,
2017,REG,0,LeGarrette Blount,RB,PHI,3.5785248041775457,26.011560693641616,2.635813333333333,173,766,4.427745664739884,2,00-0027325,LeGarrette,Blount,29,L.Blount,,,,
2017,REG,0,Wayne Gallman,RB,NYG,3.6519537815126033,18.01801801801802,2.63089108910891,111,476,4.288288288288288,0,00-0033950,Wayne,Gallman,22,W.Gallman,,,,
2017,REG,0,Le'Veon Bell,RB,PIT,4.16745933384973,19.937694704049843,3.0933664383561643,321,1291,4.021806853582555,9,00-0030496,Le'Veon,Bell,26,L.Bell,,,,
2017,REG,0,Alvin Kamara,RB,NO,3.2292582417582407,16.666666666666664,2.763410714285715,120,728,6.066666666666666,8,00-0033906,Alvin,Kamara,41,A.Kamara,,,,
2017,REG,0,Elijah McGuire,RB,NYJ,5.186222222222222,25.0,3.1978142857142857,88,315,3.5795454545454546,1,00-0033295,Elijah,McGuire,25,E.McGuire,,,,
2017,REG,0,Dion Lewis,RB,NE,3.304776785714285,28.333333333333332,2.6915155279503096,180,896,4.977777777777778,6,00-0028087,Dion,Lewis,33,D.Lewis,,,,
2017,REG,0,LeSean McCoy,RB,BUF,4.297196836555361,35.88850174216028,2.953293103448276,287,1138,3.965156794425087,6,00-0027029,LeSean,McCoy,25,L.McCoy,,,,
2017,REG,0,Mark Ingram,RB,NO,3.4052804986642915,42.173913043478265,2.655408256880734,230,1123,4.8826086956521735,12,00-0027966,Mark,Ingram,22,M.Ingram,,,,
2017,REG,0,Isaiah Crowell,RB,CLE,3.7337866354044555,29.126213592233007,2.7402270270270273,206,853,4.140776699029126,2,00-0030656,Isaiah,Crowell,34,I.Crowell,,,,
2017,REG,0,Jay Ajayi,RB,PHI,4.261454753722794,22.115384615384613,2.7566395348837207,208,873,4.197115384615385,1,00-0031590,Jay,Ajayi,36,J.Ajayi,,,,
2017,REG,0,Giovani Bernard,RB,CIN,3.758733624454148,12.380952380952381,2.732787234042554,105,458,4.3619047619047615,2,00-0030456,Giovani,Bernard,25,G.Bernard,,,,
2017,REG,0,Joe Mixon,RB,CIN,4.48132587859425,24.719101123595504,2.88316,178,626,3.5168539325842696,4,00-0033897,Joe,Mixon,28,J.Mixon,,,,
2018,REG,0,Chris Ivory,RB,BUF,4.611350649350649,20.869565217391305,2.778851485148515,115,385,3.347826086956522,1,00-0027531,Christopher,Ivory,33,C.Ivory,434.32687097901,-53.32687097900998,-0.46777956999131565,0.3684210526315789
2018,REG,0,Dion Lewis,RB,TEN,4.5762282398452605,27.09677419354839,2.8167244094488186,155,517,3.335483870967742,1,00-0028087,Dion,Lewis,33,D.Lewis,581.0780755054474,-64.07807550544737,-0.41340693874482176,0.3419354838709677
2018,REG,0,Latavius Murray,RB,MIN,3.756297577854671,27.857142857142858,2.8025813953488377,140,578,4.128571428571429,6,00-0030513,Latavius,Murray,25,L.Murray,527.6837217467638,37.31627825323619,0.27040781342924775,0.391304347826087
2018,REG,0,Wendell Smallwood,RB,PHI,3.872554945054944,6.896551724137931,2.7646913580246903,87,364,4.183908045977011,3,00-0032782,Wendell,Smallwood,28,W.Smallwood,405.5251109911501,-41.525110991150086,-0.47730012633505847,0.39080459770114945
2018,REG,0,Nick Chubb,RB,CLE,3.4788755020080324,33.85416666666667,2.954226190476191,192,996,5.1875,8,00-0034791,Nicholas,Chubb,24,N.Chubb,764.5794108632376,192.42058913676237,1.0289871076832213,0.35294117647058826
2018,REG,0,Nyheim Hines,RB,IND,4.204331210191083,11.76470588235294,2.7251447368421053,85,314,3.6941176470588237,2,00-0034367,Nyheim,Hines,21,N.Hines,377.3749200867481,-72.37492008674809,-0.8616061915089058,0.30952380952380953
2018,REG,0,James White,RB,NE,3.5154823529411754,11.702127659574469,2.668510869565218,94,425,4.5212765957446805,5,00-0031062,James,White,28,J.White,425.07781862393495,-7.077818623934945,-0.07693281112972766,0.33695652173913043
2018,REG,0,Saquon Barkley,RB,NYG,3.603037490436113,22.988505747126435,2.929396475770926,261,1307,5.007662835249042,11,00-0034844,Saquon,Barkley,26,S.Barkley,900.3562014651961,394.64379853480386,1.535578982625696,0.3968871595330739
2018,REG,0,David Johnson,RB,ARI,3.997744680851062,25.581395348837212,2.6319705882352937,258,940,3.643410852713178,7,00-0032187,David,Johnson,31,D.Johnson,958.040899470446,-40.04089947044599,-0.16016359788178397,0.38
2018,REG,0,T.J. Yeldon,RB,JAX,3.8088647342995157,21.153846153846153,2.750267326732674,104,414,3.980769230769231,1,00-0032209,Timothy,Yeldon,24,T.Yeldon,409.4531136706836,3.5468863293164077,0.034435789605013666,0.4174757281553398
2018,REG,0,Kenyan Drake,RB,MIA,4.05185046728972,10.0,2.740392156862745,120,535,4.458333333333333,4,00-0033118,Kenyan,Drake,32,K.Drake,513.9189319775082,13.081068022491763,0.1118040001922373,0.37606837606837606
2018,REG,0,Royce Freeman,RB,DEN,4.223704414587333,41.53846153846154,2.9297142857142866,130,521,4.007692307692308,5,00-0034838,Royce,Freeman,28,R.Freeman,517.3360882404704,-3.336088240470417,-0.026063189378675133,0.421875
2018,REG,0,Tevin Coleman,RB,ATL,4.2313375,25.748502994011975,2.8398455882352955,167,800,4.790419161676646,4,00-0032058,Tevin,Coleman,26,T.Coleman,792.1366793199729,-25.136679319972927,-0.1532724348778837,0.3231707317073171
2018,REG,0,Kerryon Johnson,RB,DET,3.4149921996879886,21.1864406779661,2.933306306306308,118,641,5.432203389830509,3,00-0034349,Kerryon,Johnson,33,K.Johnson,488.85710637109725,152.14289362890275,1.289346556177142,0.4491525423728814
2018,REG,0,Christian McCaffrey,RB,CAR,3.4409016393442613,19.63470319634703,2.753533980582524,219,1098,5.013698630136986,7,00-0033280,Christian,McCaffrey,22,C.McCaffrey,981.3053778871847,96.6946221128153,0.45184402856455746,0.37850467289719625
2018,REG,0,Alex Collins,RB,BAL,4.908272506082727,34.21052631578947,2.984857142857141,114,411,3.6052631578947367,7,00-0032426,Alex,Collins,34,A.Collins,432.3905322746369,-39.39053227463688,-0.3613810300425402,0.4036697247706422
2018,REG,0,Peyton Barber,RB,TB,4.040838117106775,22.64957264957265,2.7486763285024156,234,871,3.7222222222222223,5,00-0032741,Kenneth,Barber,25,P.Barber,861.2315575983256,-1.231557598325594,-0.005377980778714384,0.4148471615720524
2018,REG,0,Austin Ekeler,RB,LAC,3.9058844765342973,28.30188679245283,2.90345918367347,106,554,5.226415094339623,3,00-0033699,Austin,Ekeler,30,A.Ekeler,542.4127268846614,6.587273115338576,0.0639541079159085,0.36893203883495146
2018,REG,0,Alvin Kamara,RB,NO,3.9554813137032836,22.164948453608247,2.6502888888888894,194,883,4.551546391752577,14,00-0033906,Alvin,Kamara,41,A.Kamara,953.4776870604439,-82.47768706044394,-0.4318203511018007,0.35602094240837695
2018,REG,0,LeGarrette Blount,RB,DET,5.058684210526318,38.961038961038966,2.8273153846153853,154,418,2.7142857142857144,5,00-0027325,LeGarrette,Blount,29,L.Blount,569.6776328663933,-151.6776328663933,-0.9849196939376189,0.2662337662337662
2018,REG,0,Lamar Miller,RB,HOU,3.5045015416238443,23.333333333333332,2.750461538461539,210,973,4.633333333333334,5,00-0029615,Lamar,Miller,26,L.Miller,834.4549719812154,129.5450280187846,0.6198326699463378,0.3827751196172249
2018,REG,0,Kareem Hunt,RB,KC,3.795169902912621,16.022099447513813,2.7240062111801238,181,824,4.552486187845304,7,00-0033923,Kareem,Hunt,27,K.Hunt,720.3247340577872,93.67526594221283,0.5292387906339708,0.384180790960452
2018,REG,0,Chris Carson,RB,SEA,3.6535534317984344,22.267206477732792,2.8249567099567083,247,1151,4.659919028340081,9,00-0033594,Christopher,Carson,32,C.Carson,1036.970582587672,110.02941741232803,0.44909966290746134,0.4448979591836735
2018,REG,0,Carlos Hyde,RB,JAX,4.805078809106829,34.30232558139535,2.9328627450980393,172,571,3.3197674418604652,5,00-0031045,Carlos,Hyde,34,C.Hyde,631.0069683665538,-94.00696836655379,-0.5767298672794711,0.4049079754601227
2018,REG,0,Leonard Fournette,RB,JAX,4.4396127562642365,35.338345864661655,2.6298461538461546,133,439,3.300751879699248,5,00-0033856,Leonard,Fournette,27,L.Fournette,459.1742974571945,-25.174297457194484,-0.19071437467571578,0.38636363636363635
2018,REG,0,Isaiah Crowell,RB,NYJ,3.6241459854014613,26.573426573426573,2.940309523809524,143,685,4.79020979020979,6,00-0030656,Isaiah,Crowell,20,I.Crowell,551.279690529745,133.72030947025496,0.9351070592325522,0.32167832167832167
2018,REG,0,Adrian Peterson,RB,WAS,4.30589251439539,16.733067729083665,2.9177559808612443,251,1042,4.151394422310757,7,00-0025394,Adrian,Peterson,26,A.Peterson,958.8803734219539,61.11962657804611,0.2484537665774232,0.35772357723577236
2018,REG,0,Alfred Morris,RB,SF,4.2728738317757005,36.03603603603604,2.711387096774194,111,428,3.855855855855856,2,00-0029141,Alfred,Morris,46,A.Morris,471.22963019975975,-58.229630199759754,-0.534216790823484,0.3577981651376147
2018,REG,0,Derrick Henry,RB,TEN,3.728508026440037,33.48837209302326,2.9210609137055843,215,1059,4.925581395348837,12,00-0032764,Derrick,Henry,22,D.Henry,815.974155167777,236.02584483222302,1.1081025578977606,0.47417840375586856
2018,REG,0,Joe Mixon,HB,CIN,3.482756849315068,17.72151898734177,2.7535194174757285,237,1168,4.928270042194093,8,00-0033897,Joe,Mixon,28,J.Mixon,975.5926720598943,174.4073279401057,0.7485293044639729,0.39914163090128757
2018,REG,0,Tarik Cohen,RB,CHI,4.958040540540539,5.05050505050505,3.246964705882353,99,444,4.484848484848484,3,00-0033556,Tarik,Cohen,29,T.Cohen,476.4309923677337,-42.43099236773372,-0.4513935358269545,0.3617021276595745
2018,REG,0,Aaron Jones,RB,GB,3.386002747252748,13.533834586466165,2.6523833333333338,133,728,5.473684210526316,8,00-0033293,Aaron,Jones,33,A.Jones,626.9788502136167,87.02114978638326,0.6693934598952559,0.4307692307692308
2018,REG,0,Alfred Blue,RB,HOU,4.385531062124249,22.666666666666664,2.6837014925373133,150,499,3.3266666666666667,2,00-0031075,Alfred,Blue,28,A.Blue,538.1550274154225,-51.15502741542252,-0.3479933837783845,0.36054421768707484
2018,REG,0,Jordan Howard,RB,CHI,3.7011443850267396,14.000000000000002,2.5172699115044255,250,935,3.74,9,00-0032780,Jordan,Howard,24,J.Howard,1039.676667656024,-112.67666765602394,-0.4543414018388062,0.3346774193548387
2018,REG,0,James Conner,RB,PIT,3.635200411099691,28.37209302325581,2.8486243654822334,215,973,4.525581395348837,12,00-0033553,James,Conner,30,J.Conner,836.8565536216198,117.14344637838019,0.5604949587482305,0.4019138755980861
2018,REG,0,Sony Michel,RB,NE,3.7130290010741143,26.794258373205743,2.7008426395939082,209,931,4.454545454545454,6,00-0034845,Sony,Michel,26,S.Michel,979.2633849176829,-60.263384917682856,-0.2954087495964846,0.35784313725490197
2018,REG,0,Gus Edwards,RB,BAL,2.7847353760445688,16.78832116788321,2.4238014705882356,137,718,5.240875912408759,2,00-0034184,Gus,Edwards,35,G.Edwards,666.1512185096217,45.848781490378315,0.33712339331160524,0.41911764705882354
2018,REG,0,Mike Davis,RB,SEA,3.494503816793894,13.392857142857142,2.5925047619047628,112,524,4.678571428571429,4,00-0032063,Michael,Davis,27,M.Davis,475.841811721803,48.158188278196974,0.4338575520558286,0.43243243243243246
2018,REG,0,Ezekiel Elliott,RB,DAL,3.566792189679218,25.0,2.850989090909089,304,1434,4.717105263157895,6,00-0033045,Ezekiel,Elliott,21,E.Elliott,1292.4053121907325,134.5946878092675,0.4456777742028725,0.4105960264900662
2018,REG,0,Todd Gurley,RB,LAR,3.628361310951239,8.203125,2.7516781115879825,256,1251,4.88671875,17,00-0032241,Todd,Gurley,30,T.Gurley,1265.7135739982252,-22.71357399822523,-0.08907283920872638,0.3803921568627451
2018,REG,0,Frank Gore,RB,MIA,3.1297645429362877,12.179487179487179,2.4656164383561663,156,722,4.628205128205129,0,00-0023500,Frank,Gore,21,F.Gore,662.9041987477301,53.095801252269894,0.3447779302095448,0.38961038961038963
2018,REG,0,Phillip Lindsay,RB,DEN,3.320834932821498,17.1875,2.614133720930233,192,1042,5.427083333333333,9,00-0034109,Phillip,Lindsay,30,P.Lindsay,836.9058801547388,182.09411984526116,0.9790006443293611,0.41935483870967744
2018,REG,0,Melvin Gordon,RB,LAC,3.619785310734462,25.71428571428571,2.8287160493827153,175,885,5.057142857142857,10,00-0032144,Melvin,Gordon,28,M.Gordon,859.2449253481251,-1.2449253481250935,-0.007237938070494729,0.36046511627906974
2018,REG,0,Matt Breida,RB,SF,3.9933169533169535,27.450980392156865,2.8590223880597,153,814,5.3202614379084965,3,00-0033308,Matt,Breida,22,M.Breida,696.6776088910104,90.32239110898956,0.6102864264120916,0.3716216216216216
2018,REG,0,Mark Ingram,RB,NO,3.470186046511628,31.88405797101449,2.5523129770992363,138,645,4.673913043478261,6,00-0027966,Mark,Ingram,22,M.Ingram,564.9467391109399,68.05326088906008,0.5078601558885081,0.3656716417910448
2018,REG,0,Rashaad Penny,RB,SEA,3.8698329355608587,12.941176470588237,3.0179999999999993,85,419,4.929411764705883,2,00-0034750,Rashaad,Penny,20,R.Penny,362.83342378886874,56.16657621113126,0.6607832495427207,0.32941176470588235
2018,REG,0,Marshawn Lynch,RB,LV,4.1075531914893615,23.333333333333332,2.8322926829268296,90,376,4.177777777777778,3,00-0025399,Marshawn,Lynch,24,M.Lynch,367.94808909828606,-2.9480890982860615,-0.033124596609955745,0.4943820224719101
2018,REG,0,Josh Adams,RB,PHI,4.047416829745598,16.666666666666664,2.93351923076923,120,511,4.258333333333334,3,00-0034457,Joshua,Adams,33,J.Adams,514.0905980985696,-18.090598098569558,-0.1546204965689706,0.3504273504273504
2018,REG,0,Ito Smith,RB,ATL,4.646285714285713,21.11111111111111,2.841266666666667,90,315,3.5,4,00-0034378,Ito,Smith,25,I.Smith,344.8449521442441,-46.844952144244075,-0.5384477257959089,0.3563218390804598
2018,REG,0,LeSean McCoy,RB,BUF,5.050992217898834,18.012422360248447,2.9653649635036494,161,514,3.1925465838509317,3,00-0027029,LeSean,McCoy,25,L.McCoy,667.7002436985504,-164.70024369855037,-1.0490461382073273,0.3057324840764331
2018,REG,0,Elijah McGuire,RB,NYJ,5.20355072463768,25.0,2.9330266666666662,92,276,3.0,3,00-0033295,Elijah,McGuire,25,E.McGuire,316.61854210436337,-44.61854210436337,-0.4957615789373708,0.3333333333333333
2018,REG,0,Marlon Mack,RB,IND,3.5019823788546267,23.076923076923077,2.7844835164835176,195,908,4.656410256410257,9,00-0033951,Marlon,Mack,25,M.Mack,854.3386791145035,38.66132088549648,0.20241529259422242,0.4083769633507853
2018,REG,0,Dalvin Cook,RB,MIN,3.9761138211382114,18.045112781954884,2.8634298245614023,133,615,4.62406015037594,2,00-0033893,Dalvin,Cook,33,D.Cook,580.9840333644172,19.0159666355828,0.14627666642756,0.3153846153846154
2018,REG,0,Doug Martin,RB,LV,3.724564315352697,23.25581395348837,2.685944444444445,172,723,4.203488372093023,4,00-0029613,Douglas,Martin,28,D.Martin,717.7045619582652,5.295438041734769,0.030787430475202146,0.38372093023255816
2018,REG,0,Jamaal Williams,RB,GB,4.090064655172415,11.570247933884298,2.6803302752293585,121,464,3.834710743801653,3,00-0033948,Jamaal,Williams,30,J.Williams,520.5476634895782,-63.54766348957821,-0.5340139789040186,0.36134453781512604
2019,REG,0,Austin Ekeler,RB,LAC,4.403141831238781,10.606060606060606,3.063024999999999,132,557,4.21969696969697,3,00-0033699,Austin,Ekeler,30,A.Ekeler,597.1928609909091,-82.19286099090914,-0.6371539611698382,0.31007751937984496
2019,REG,0,Kenyan Drake,RB,ARI,3.6636107711138317,8.823529411764707,2.8054248366013077,170,817,4.805882352941176,8,00-0033118,Kenyan,Drake,41,K.Drake,775.2278558216125,38.77214417838752,0.22942097146974863,0.3136094674556213
2019,REG,0,Leonard Fournette,RB,JAX,3.841727430555557,31.32075471698113,2.758092050209205,265,1152,4.347169811320755,3,00-0033856,Leonard,Fournette,27,L.Fournette,1026.0174553407885,101.9825446592115,0.3892463536611126,0.33587786259541985
2019,REG,0,Alexander Mattison,RB,MIN,4.028376623376622,34.0,2.721402298850575,100,462,4.62,1,00-0034972,Alexander,Mattison,25,A.Mattison,419.9255894279472,35.074410572052784,0.36159186156755446,0.4329896907216495
2019,REG,0,Joe Mixon,HB,CIN,3.950299032541778,7.913669064748201,2.8588064516129017,278,1137,4.089928057553957,5,00-0033897,Joe,Mixon,28,J.Mixon,1142.4157701657678,-28.415770165767753,-0.1037071903860137,0.35766423357664234
2019,REG,0,Carlos Hyde,RB,HOU,3.5483551401869153,14.69387755102041,2.7390357142857136,245,1070,4.36734693877551,6,00-0031045,Carlos,Hyde,23,C.Hyde,954.4393405128997,107.56065948710034,0.4426364587946516,0.3868312757201646
2019,REG,0,Christian McCaffrey,RB,CAR,3.4584066330209096,23.34494773519164,2.6542884615384623,287,1387,4.832752613240418,15,00-0033280,Christian,McCaffrey,22,C.McCaffrey,1174.345352967436,211.65464703256407,0.7426478843247862,0.3649122807017544
2019,REG,0,Benny Snell,RB,PIT,4.05429577464789,39.81481481481482,2.752545454545454,108,426,3.9444444444444446,2,00-0035217,Benny,Snell,24,B.Snell Jr.,370.470355920582,51.529644079418006,0.4815854586861496,0.48598130841121495
2019,REG,0,Gus Edwards,RB,BAL,2.9253023909985933,22.55639097744361,2.611875,133,711,5.345864661654136,2,00-0034184,Gus,Edwards,35,G.Edwards,624.5005711996535,73.49942880034655,0.5610643419873782,0.3435114503816794
2019,REG,0,Marlon Mack,RB,IND,3.942612282309806,12.145748987854251,3.0603703703703697,247,1091,4.417004048582996,8,00-0033951,Marlon,Mack,25,M.Mack,1068.8154270486343,4.184572951365681,0.017149889144941314,0.3524590163934426
2019,REG,0,Peyton Barber,RB,TB,4.158808510638298,33.116883116883116,2.681151079136691,154,470,3.051948051948052,6,00-0032741,Kenneth,Barber,25,P.Barber,552.9525250142499,-87.95252501424989,-0.5824670530745025,0.3708609271523179
2019,REG,0,Le'Veon Bell,RB,NYJ,4.479898605830164,17.142857142857142,2.845286995515694,245,789,3.220408163265306,3,00-0030496,Le'Veon,Bell,26,L.Bell,908.3423865725869,-126.34238657258686,-0.5199275167596167,0.39094650205761317
2019,REG,0,Sony Michel,RB,NE,4.247017543859648,33.603238866396765,2.7047782805429863,247,912,3.6923076923076925,7,00-0034845,Sony,Michel,26,S.Michel,980.9542697629242,-68.95426976292424,-0.279167084060422,0.3481781376518219
2019,REG,0,Saquon Barkley,RB,NYG,3.6614456630109666,11.059907834101383,2.8954255319148925,217,1003,4.622119815668203,6,00-0034844,Saquon,Barkley,26,S.Barkley,889.0800576795469,105.91994232045306,0.4949530014974442,0.3598130841121495
2019,REG,0,Josh Jacobs,RB,LV,3.5592434782608695,19.834710743801654,2.684300884955751,242,1150,4.75206611570248,7,00-0035700,Joshua,Jacobs,28,J.Jacobs,977.4962591941342,158.50374080586585,0.668792155299012,0.4177215189873418
2019,REG,0,Tevin Coleman,RB,SF,4.284761029411765,39.416058394160586,2.8933166666666654,137,544,3.9708029197080292,6,00-0032058,Tevin,Coleman,26,T.Coleman,543.0493366287452,-1.049336628745209,-0.007715710505479478,0.34558823529411764
2019,REG,0,Devin Singletary,RB,BUF,3.51647741935484,5.298013245033113,2.9077279411764696,151,775,5.132450331125828,2,00-0035250,Devin,Singletary,26,D.Singletary,695.8190560990532,59.18094390094677,0.40259145510848143,0.4013605442176871
2019,REG,0,Adrian Peterson,RB,WAS,3.892694877505567,29.383886255924168,2.8557277486910997,211,898,4.2559241706161135,5,00-0025394,Adrian,Peterson,26,A.Peterson,793.5827570721634,101.41724292783658,0.48524996616189753,0.42105263157894735
2019,REG,0,Damien Williams,RB,KC,3.995642570281124,9.00900900900901,2.8921414141414146,111,498,4.486486486486487,5,00-0030874,Damien,Williams,26,Dam.Williams,436.11188774190856,58.88811225809144,0.5353464750735586,0.33636363636363636
2019,REG,0,Jamaal Williams,RB,GB,3.644173913043479,20.5607476635514,2.5058469387755107,107,460,4.299065420560748,1,00-0033948,Jamaal,Williams,30,J.Williams,443.71006592495934,-8.710065924959338,-0.08375063389383978,0.41346153846153844
2019,REG,0,Tony Pollard,RB,DAL,3.4651648351648365,12.790697674418606,3.039051282051283,86,455,5.290697674418604,2,00-0035261,Tony,Pollard,20,T.Pollard,340.7771972935833,89.2228027064167,1.08808295983435,0.524390243902439
2019,REG,0,Ezekiel Elliott,RB,DAL,3.49028002947679,19.269102990033225,2.7210744680851064,301,1357,4.5083056478405314,12,00-0033045,Ezekiel,Elliott,21,E.Elliott,1227.1387431831004,118.86125681689964,0.400206251908753,0.4612794612794613
2019,REG,0,Nick Chubb,RB,CLE,3.533647925033469,13.087248322147651,2.948445692883894,298,1494,5.0134228187919465,8,00-0034791,Nicholas,Chubb,24,N.Chubb,1203.551397130208,284.448602869792,0.9609750096952433,0.3918918918918919
2019,REG,0,Devonta Freeman,RB,ATL,4.588018292682927,22.82608695652174,2.8706012658227844,184,656,3.5652173913043477,2,00-0031285,Devonta,Freeman,24,D.Freeman,842.773762938624,-218.77376293862403,-1.222199792953207,0.2737430167597765
2019,REG,0,Dalvin Cook,RB,MIN,4.216264317180617,24.0,2.8833506493506516,250,1135,4.54,13,00-0033893,Dalvin,Cook,33,D.Cook,1015.3727341791733,92.62726582082666,0.38118216387171466,0.41975308641975306
2019,REG,0,Frank Gore,RB,BUF,3.7677295492487484,37.34939759036144,2.580168918918919,166,599,3.608433734939759,2,00-0023500,Frank,Gore,20,F.Gore,612.732929945592,-64.73292994559199,-0.4020678878608198,0.32298136645962733
2019,REG,0,DeAndre Washington,RB,LV,4.279457364341083,14.814814814814813,2.7820300000000007,108,387,3.5833333333333335,3,00-0032940,DeAndre,Washington,33,D.Washington,492.38835391747887,-105.38835391747887,-0.975818091828508,0.3055555555555556
2019,REG,0,Derrick Henry,RB,TEN,3.4529480519480513,35.31353135313531,2.7227269372693716,303,1540,5.082508250825082,16,00-0032764,Derrick,Henry,22,D.Henry,1130.2946599740583,325.7053400259417,1.1309213195345198,0.4201388888888889
2019,REG,0,Raheem Mostert,RB,SF,3.4776295336787557,32.11678832116788,2.88131007751938,137,772,5.635036496350365,8,00-0031687,Dominique,Mostert,31,R.Mostert,700.788590265997,38.21140973400304,0.2894803767727503,0.4015151515151515
2019,REG,0,Alvin Kamara,RB,NO,3.8104893350062734,16.374269005847953,2.7491464968152854,171,797,4.6608187134502925,5,00-0033906,Alvin,Kamara,41,A.Kamara,754.3010501320748,28.698949867925194,0.1698162714078414,0.3668639053254438
2019,REG,0,David Johnson,RB,ARI,4.22727536231884,5.319148936170213,2.8743595505617976,94,345,3.6702127659574466,2,00-0032187,David,Johnson,31,D.Johnson,408.70787512138287,-63.70787512138287,-0.6777433523551369,0.2765957446808511
2019,REG,0,Mark Ingram,RB,BAL,3.336227897838901,22.277227722772277,2.7435706521739123,202,1018,5.03960396039604,10,00-0027966,Mark,Ingram,21,M.Ingram II,967.6634911711897,29.336508828810338,0.14816418600409262,0.35858585858585856
2019,REG,0,Phillip Lindsay,RB,DEN,4.007883283877349,20.089285714285715,2.955544117647057,224,1011,4.513392857142857,7,00-0034109,Phillip,Lindsay,30,P.Lindsay,934.3068523130916,27.693147686908446,0.12880533807864394,0.3488372093023256
2019,REG,0,Todd Gurley,RB,LAR,4.432018669778296,24.2152466367713,2.919576530612246,223,857,3.8430493273542603,12,00-0032241,Todd Gurley II,Gurley,30,T.Gurley,1048.356080473567,-193.3560804735671,-0.8709733354665185,0.32432432432432434
2019,REG,0,Royce Freeman,RB,DEN,4.303750000000001,18.939393939393938,2.8359016393442618,132,496,3.757575757575758,3,00-0034838,Royce,Freeman,28,R.Freeman,571.3235633331437,-125.32356333314374,-0.9790903385401855,0.2734375
2019,REG,0,Chris Carson,RB,SEA,3.8991138211382137,21.223021582733814,2.8343279352226722,278,1230,4.424460431654676,7,00-0033594,Chris,Carson,32,C.Carson,1110.3142703216208,98.68572967837918,0.3641539840530597,0.45018450184501846
2019,REG,0,Kerryon Johnson,RB,DET,4.025980148883375,29.20353982300885,2.699326923076922,113,403,3.566371681415929,3,00-0034349,Kerryon,Johnson,33,K.Johnson,441.7796146009509,-55.77961460095088,-0.5070874054631898,0.36363636363636365
2019,REG,0,Latavius Murray,RB,NO,3.523249607535321,35.61643835616438,2.630397058823528,146,637,4.363013698630137,5,00-0030513,Latavius,Murray,28,L.Murray,637.459312166178,-0.4593121661780515,-0.003145973740945558,0.3767123287671233
2019,REG,0,Matt Breida,RB,SF,4.057817014446228,30.081300813008134,2.901396226415094,123,623,5.065040650406504,1,00-0033308,Matthew,Breida,22,M.Breida,605.710502535275,0.28949746472494553,0.0023925410307846736,0.2975206611570248
2019,REG,0,Jordan Howard,RB,PHI,3.4970666666666665,17.647058823529413,2.785036363636363,119,525,4.411764705882353,6,00-0032780,Jordan,Howard,24,J.Howard,534.9303591802022,-9.930359180202231,-0.08344839647228766,0.4117647058823529
2019,REG,0,Miles Sanders,RB,PHI,3.89463325183374,12.290502793296088,2.977000000000001,179,818,4.569832402234637,3,00-0035243,Miles,Sanders,26,M.Sanders,860.7157810723342,-54.71578107233415,-0.3126616061276237,0.3142857142857143
2019,REG,0,Aaron Jones,RB,GB,3.9862546125461233,20.76271186440678,2.7326682027649762,236,1084,4.593220338983051,16,00-0033293,Aaron,Jones,33,A.Jones,981.2354188491272,83.7645811508728,0.3579682955165504,0.3974358974358974
2019,REG,0,James Conner,RB,PIT,4.073642241379311,13.793103448275861,2.752912621359223,116,464,4.0,4,00-0033553,James,Conner,30,J.Conner,499.2753357891453,-35.27533578914529,-0.3067420503403938,0.3739130434782609
2019,REG,0,LeSean McCoy,RB,KC,3.6535268817204307,10.891089108910892,2.7107311827957004,101,465,4.603960396039604,4,00-0027029,LeSean,McCoy,25,L.McCoy,478.3639781379586,-22.36397813795861,-0.22820385855059808,0.2857142857142857
2019,REG,0,Melvin Gordon,RB,LAC,4.157352941176471,12.345679012345679,2.70014,162,612,3.7777777777777777,8,00-0032144,Melvin,Gordon,25,M.Gordon,672.399198919638,-62.399198919638025,-0.3875726640971306,0.32919254658385094
2019,REG,0,Ronald Jones,RB,TB,3.741602209944752,26.16279069767442,2.5893066666666678,172,724,4.209302325581396,6,00-0034816,Ronald,Jones,27,R.Jones,703.8044721785627,13.195527821437281,0.07808004628069397,0.34911242603550297
2019,REG,0,Bo Scarbrough,RB,DET,3.6703978779840845,19.101123595505616,2.6838780487804863,89,377,4.235955056179775,1,00-0034432,Kelvinton,Scarbrough,43,B.Scarbrough,392.9479741878243,-23.947974187824286,-0.2752640711244171,0.27586206896551724
2019,REG,0,David Montgomery,RB,CHI,4.052418447694038,19.834710743801654,2.6992489082969437,242,889,3.6735537190082646,6,00-0035685,David,Montgomery,32,D.Montgomery,932.1951872614446,-53.19518726144463,-0.2235091901741371,0.36134453781512604
2020,REG,0,Peyton Barber,RB,WAS,4.389922480620154,42.5531914893617,2.6626590909090906,94,258,2.74468085106383,4,00-0032741,Kenneth,Barber,34,P.Barber,332.583707142824,-74.58370714282398,-0.7934436930087657,0.35106382978723405
2020,REG,0,Alvin Kamara,RB,NO,3.659195278969957,11.76470588235294,2.7542543352601148,187,932,4.983957219251337,16,00-0033906,Alvin,Kamara,41,A.Kamara,841.0791077032206,76.92089229677936,0.41578860700961817,0.3945945945945946
2020,REG,0,David Johnson,RB,HOU,3.3408104196816213,14.965986394557824,2.5682608695652167,147,691,4.700680272108843,6,00-0032187,David,Johnson,31,D.Johnson,630.7803601838177,60.21963981618228,0.4096574137155257,0.36054421768707484
2020,REG,0,Mike Davis,RB,CAR,4.153037383177569,32.72727272727273,2.7872751677852357,165,642,3.890909090909091,6,00-0032063,Michael,Davis,28,M.Davis,615.032319439101,10.967680560898998,0.06812223950868943,0.3416149068322981
2020,REG,0,Kalen Ballage,RB,LAC,4.503069306930692,19.78021978021978,2.7066097560975604,91,303,3.32967032967033,3,00-0034799,Kalen,Ballage,31,K.Ballage,348.1626675986243,-51.162667598624296,-0.5748614336924078,0.4044943820224719
2020,REG,0,J.K. Dobbins,RB,BAL,3.273291925465839,23.134328358208954,2.872177419354839,134,805,6.007462686567164,9,00-0036158,Jkaylin,Dobbins,27,J.Dobbins,608.0527002421428,195.9472997578572,1.4732879681041895,0.42105263157894735
2020,REG,0,Kareem Hunt,RB,CLE,4.010178359096315,31.313131313131315,2.8650165745856357,198,841,4.247474747474747,6,00-0033923,Kareem,Hunt,27,K.Hunt,804.84081640102,36.15918359898001,0.1826221393887879,0.41414141414141414
2020,REG,0,Derrick Henry,RB,TEN,3.569768130241737,27.77777777777778,2.7594225352112662,378,2027,5.362433862433862,17,00-0032764,Derrick,Henry,22,D.Henry,1623.9206287903678,367.0793712096322,0.9974982913305223,0.4266304347826087
2020,REG,0,Ezekiel Elliott,RB,DAL,3.7117773237997955,22.950819672131146,2.6178602620087332,244,979,4.012295081967213,6,00-0033045,Ezekiel,Elliott,21,E.Elliott,955.3623101177907,7.637689882209315,0.03169165926227931,0.42738589211618255
2020,REG,0,Melvin Gordon,RB,DEN,3.936460446247465,19.53488372093023,2.9307157894736844,215,986,4.586046511627907,9,00-0032144,Melvin,Gordon,25,M.Gordon,957.6951450074038,6.304854992596233,0.030458236679208855,0.36231884057971014
2020,REG,0,Giovani Bernard,RB,CIN,4.452908653846156,12.096774193548388,2.6349824561403508,124,416,3.3548387096774195,3,00-0030456,Giovani,Bernard,25,G.Bernard,509.57661745989503,-97.57661745989503,-0.7998083398352052,0.3360655737704918
2020,REG,0,Clyde Edwards-Helaire,RB,KC,3.81423412204234,9.392265193370166,2.796552147239264,181,803,4.43646408839779,4,00-0036360,Clyde,Edwards-Helaire,25,C.Edwards-Helaire,872.6042229654104,-110.60422296541037,-0.6284330850307408,0.3352272727272727
2020,REG,0,Nyheim Hines,RB,IND,3.7896052631578945,12.359550561797752,2.742116883116883,89,380,4.269662921348314,3,00-0034367,Nyheim,Hines,21,N.Hines,386.1879491204074,-7.1879491204073815,-0.08168124000462934,0.38636363636363635
2020,REG,0,Chase Edmonds,RB,ARI,3.5960714285714275,8.24742268041237,2.691046511627907,97,448,4.618556701030927,1,00-0034681,Chase,Edmonds,29,C.Edmonds,439.1117813119684,-2.1117813119684,-0.02222927696808842,0.35789473684210527
2020,REG,0,Gus Edwards,RB,BAL,3.201217150760719,34.02777777777778,2.6465263157894747,144,723,5.020833333333333,6,00-0034184,Gus,Edwards,35,G.Edwards,579.5891583272868,125.41084167271322,0.8831749413571354,0.4647887323943662
2020,REG,0,Zack Moss,RB,BUF,3.7737214137214137,14.285714285714285,2.7966176470588247,112,481,4.294642857142857,4,00-0036251,Zaccheus,Moss,20,Z.Moss,439.8872826518104,1.1127173481896193,0.010302938409163142,0.39814814814814814
2020,REG,0,Benny Snell,RB,PIT,4.513478260869565,29.72972972972973,2.7364141414141407,111,368,3.315315315315315,4,00-0035217,Benny,Snell,24,B.Snell,411.4146641929489,-43.41466419294892,-0.39112310083737767,0.3333333333333333
2020,REG,0,Aaron Jones,RB,GB,3.435326086956521,19.402985074626866,2.7116096256684497,201,1104,5.492537313432836,9,00-0033293,Aaron,Jones,33,A.Jones,966.2154594040165,127.78454059598346,0.6389227029799173,0.395
2020,REG,0,Jonathan Taylor,RB,IND,3.5066467065868268,29.74137931034483,2.808627358490564,232,1169,5.038793103448276,11,00-0036223,Jonathan,Taylor,28,J.Taylor,982.1433246409861,150.85667535901393,0.6616520849079559,0.42543859649122806
2020,REG,0,Jamaal Williams,RB,GB,3.6540594059405946,19.327731092436977,2.5395877192982454,119,505,4.243697478991597,2,00-0033948,Jamaal,Williams,30,J.Williams,478.25112973492776,20.74887026507224,0.17583788360230712,0.3644067796610169
2020,REG,0,Damien Harris,RB,NE,3.5910998552821987,39.416058394160586,2.6969,137,691,5.043795620437956,2,00-0035657,Damien,Harris,37,D.Harris,651.3089400091195,39.69105999088049,0.2897157663567919,0.40875912408759124
2020,REG,0,Darrell Henderson,RB,LAR,3.916201923076923,30.434782608695656,2.79694262295082,138,624,4.521739130434782,5,00-0035664,Darrell,Henderson,27,D.Henderson,616.4196424509223,1.5803575490776893,0.01162027609615948,0.36764705882352944
2020,REG,0,David Montgomery,RB,CHI,3.705121495327103,17.00404858299595,2.7382286995515694,247,1070,4.331983805668016,8,00-0035685,David,Montgomery,32,D.Montgomery,995.3417479169956,53.65825208300441,0.22357605034585173,0.36666666666666664
2020,REG,0,Alexander Mattison,RB,MIN,3.6955990783410124,31.25,2.7358295454545454,96,434,4.520833333333333,2,00-0034972,Alexander,Mattison,25,A.Mattison,379.4970562904971,51.502943709502915,0.5479036564840736,0.46808510638297873
2020,REG,0,Nick Chubb,RB,CLE,3.422652296157451,31.57894736842105,3.0428128654970767,190,1067,5.61578947368421,12,00-0034791,Nicholas,Chubb,24,N.Chubb,748.3671780510925,294.63282194890746,1.5840474298328358,0.4032258064516129
2020,REG,0,Malcolm Brown,RB,LAR,3.8725775656324593,17.82178217821782,2.7749777777777784,101,419,4.148514851485149,5,00-0031806,Malcolm,Brown,34,M.Brown,455.06711325756334,-54.067113257563335,-0.5517052373220749,0.3673469387755102
2020,REG,0,James Robinson,RB,JAX,3.646794392523366,20.416666666666668,2.680325892857144,240,1070,4.458333333333333,7,00-0035831,James,Robinson,30,J.Robinson,968.9464149730461,40.0535850269539,0.17116916678185426,0.37606837606837606
2020,REG,0,Chris Carson,RB,SEA,3.7819383259911907,11.347517730496454,2.8618955223880604,141,681,4.829787234042553,5,00-0033594,Christopher,Carson,32,C.Carson,652.512032139624,24.48796786037599,0.17617243065018698,0.43884892086330934
2020,REG,0,Jeffery Wilson,RB,SF,3.637016666666666,32.53968253968254,2.682850877192982,126,600,4.761904761904762,7,00-0034115,Jeffery,Wilson,30,J.Wilson,581.2948741214159,4.705125878584113,0.03825305592344807,0.3983739837398374
2020,REG,0,Adrian Peterson,RB,DET,4.042135761589403,29.48717948717949,2.6730689655172406,156,604,3.871794871794872,7,00-0025394,Adrian,Peterson,28,A.Peterson,671.7760012998848,-77.7760012998848,-0.5017806535476439,0.27741935483870966
2020,REG,0,Wayne Gallman,RB,NYG,3.1206158357771265,40.136054421768705,2.455642335766424,147,682,4.639455782312925,6,00-0033950,Wayne,Gallman,22,W.Gallman Jr.,606.8416584956785,79.15834150432147,0.5459195965815273,0.46206896551724136
2020,REG,0,Brian Hill,RB,ATL,3.8301935483870966,14.000000000000002,2.8309782608695646,100,465,4.65,1,00-0033567,Brian,Hill,23,B.Hill,463.3585749357626,-11.35857493576259,-0.11590382587512847,0.30612244897959184
2020,REG,0,Antonio Gibson,RB,WAS,3.7761635220125775,10.0,2.7446387096774183,170,795,4.676470588235294,11,00-0036328,Antonio,Gibson,24,A.Gibson,759.9154162629441,35.08458373705594,0.2088368079586663,0.39880952380952384
2020,REG,0,Myles Gaskin,RB,MIA,3.50071917808219,23.239436619718308,2.72910606060606,142,584,4.112676056338028,3,00-0035311,Myles,Gaskin,37,M.Gaskin,552.8505793638122,19.149420636187756,0.13876391765353446,0.4057971014492754
2020,REG,0,Frank Gore,RB,NYJ,4.132343032159266,12.834224598930483,2.6082117647058833,187,653,3.4919786096256686,2,00-0023500,Frank,Gore,21,F.Gore,734.7969879325727,-91.79698793257273,-0.49889667354659095,0.3804347826086957
2020,REG,0,Phillip Lindsay,RB,DEN,4.114561752988047,16.94915254237288,2.9854423076923076,118,502,4.254237288135593,1,00-0034109,Phillip,Lindsay,30,P.Lindsay,440.0962197370624,9.903780262937573,0.08842660949051405,0.3482142857142857
2020,REG,0,Cam Akers,RB,LAR,4.005248000000002,37.93103448275862,2.7296106870229013,145,625,4.310344827586207,2,00-0036414,Cam,Akers,23,C.Akers,651.2904111796668,-39.29041117966676,-0.2766930364765265,0.28169014084507044
2020,REG,0,Austin Ekeler,RB,LAC,4.0211132075471685,9.482758620689655,2.863556603773585,116,530,4.568965517241379,1,00-0033699,Austin,Ekeler,30,A.Ekeler,517.7368868018317,11.263113198168298,0.09794011476668085,0.3652173913043478
2020,REG,0,Dalvin Cook,RB,MIN,3.7388824662813094,30.76923076923077,2.8542533333333324,312,1557,4.990384615384615,16,00-0033893,Dalvin,Cook,33,D.Cook,1377.21401044905,170.78598955095003,0.5509225469385485,0.41935483870967744
2020,REG,0,Ronald Jones,RB,TB,3.1679959100204496,21.875,2.475166666666667,192,978,5.09375,7,00-0034816,Ronald,Jones,27,R.Jones,786.5531515849394,189.44684841506057,0.9918683163092177,0.45549738219895286
2020,REG,0,D'Andre Swift,RB,DET,3.8129174664107484,22.807017543859647,2.7447142857142866,114,521,4.5701754385964914,8,00-0036275,D'Andre,Swift,32,D.Swift,509.94955209721707,11.050447902782935,0.09693375353318363,0.3333333333333333
2020,REG,0,Raheem Mostert,RB,SF,3.888714011516313,18.269230769230766,2.899747368421052,104,521,5.009615384615385,2,00-0031687,Dominique,Mostert,31,R.Mostert,464.5652618784951,52.43473812150489,0.5090751273932513,0.3592233009708738
2020,REG,0,Devontae Booker,RB,LV,3.386666666666667,17.20430107526882,2.5066404494382026,93,423,4.548387096774194,3,00-0032972,Devontae,Booker,23,D.Booker,376.9481883129323,46.0518116870677,0.49518077082868495,0.34408602150537637
2020,REG,0,Devin Singletary,RB,BUF,3.9193740902474503,4.487179487179487,2.9262173913043483,156,687,4.403846153846154,2,00-0035250,Devin,Singletary,26,D.Singletary,632.8453979487495,37.15460205125055,0.24443817138980625,0.3815789473684211
2020,REG,0,Tony Pollard,RB,DAL,3.7388275862068974,21.782178217821784,2.768413793103448,101,435,4.306930693069307,4,00-0035261,Tony,Pollard,20,T.Pollard,413.3077759704815,12.692224029518513,0.12820428312644963,0.31313131313131315
2020,REG,0,Miles Sanders,RB,PHI,3.5200922722029984,8.536585365853659,2.8788775510204068,164,867,5.286585365853658,6,00-0035243,Miles,Sanders,26,M.Sanders,851.7409391506959,8.259060849304092,0.050669084965055775,0.34355828220858897
2020,REG,0,Leonard Fournette,RB,TB,4.19106267029973,10.309278350515463,2.687522727272728,97,367,3.783505154639175,6,00-0033856,Leonard,Fournette,28,L.Fournette,379.3922466814896,-25.39224668148961,-0.27013028384563414,0.30851063829787234
2020,REG,0,J.D. McKissic,RB,WAS,3.9097534246575347,1.1764705882352942,2.6339605263157906,85,365,4.294117647058823,1,00-0032602,J.D.,McKissic,41,J.McKissic,416.60927896146836,-51.60927896146836,-0.6071679877819808,0.32941176470588235
2020,REG,0,James Conner,RB,PIT,4.049570041608876,19.526627218934912,2.933835526315789,169,721,4.266272189349112,6,00-0033553,James,Conner,30,J.Conner,713.6248955326164,-9.624895532616392,-0.059048438850407316,0.34355828220858897
2020,REG,0,Todd Gurley,RB,ATL,4.637094395280235,21.53846153846154,2.8398011363636346,195,678,3.476923076923077,9,00-0032241,Todd Gurley II,Gurley,21,T.Gurley,770.1833760977956,-103.18337609779564,-0.5402270999884589,0.33507853403141363
2020,REG,0,Joe Mixon,RB,CIN,4.458808411214954,8.403361344537815,2.7156538461538444,119,428,3.596638655462185,3,00-0033897,Joe,Mixon,28,J.Mixon,455.87140502320267,-28.87140502320267,-0.2467641454974587,0.37606837606837606
2020,REG,0,Joshua Kelley,RB,LAC,4.622062146892655,20.72072072072072,2.662864583333333,111,354,3.189189189189189,2,00-0036370,Joshua,Kelley,27,J.Kelley,412.7670206485741,-79.76702064857409,-0.7596859109388009,0.26666666666666666
2020,REG,0,Latavius Murray,RB,NO,3.329085365853658,36.3013698630137,2.5766258992805757,146,656,4.493150684931507,4,00-0030513,Latavius,Murray,28,L.Murray,630.2910547421617,13.708945257838309,0.09520100873498825,0.375
2020,REG,0,Josh Jacobs,RB,LV,3.9938967136150216,25.64102564102564,2.7070920000000003,273,1065,3.901098901098901,12,00-0035700,Joshua,Jacobs,28,J.Jacobs,1070.2354558176205,-8.235455817620505,-0.030389135858378245,0.39114391143911437
2020,REG,0,Kenyan Drake,RB,ARI,3.9656544502617814,15.062761506276152,2.7464629629629633,239,955,3.99581589958159,10,00-0033118,Kenyan,Drake,41,K.Drake,1006.0086082664617,-64.00860826646169,-0.27122291638331225,0.3135593220338983
2021,REG,0,Mike Davis,RB,ATL,4.535367793240556,26.811594202898554,2.8415118110236213,138,503,3.6449275362318843,3,00-0032063,Michael,Davis,28,M.Davis,584.565973273072,-84.56597327307202,-0.6172698779056351,0.2846715328467153
2021,REG,0,Aaron Jones,RB,GB,3.797959949937421,14.035087719298245,2.702788461538461,171,799,4.6725146198830405,4,00-0033293,Aaron,Jones,33,A.Jones,748.2985913524427,48.70140864755729,0.2864788743973958,0.38235294117647056
2021,REG,0,Najee Harris,RB,,3.9688999999999988,14.65798045602606,2.767067615658364,307,1200,3.9087947882736156,7,00-0036893,Najee,Harris,22,N.Harris,1261.7318838210792,-80.73188382107924,-0.2682122386082367,0.33554817275747506
2021,REG,0,Javonte Williams,RB,DEN,4.212170542635658,20.689655172413794,2.9866318681318687,203,903,4.448275862068965,4,00-0036997,Javonte,Williams,33,J.Williams,885.6660981804929,11.333901819507105,0.05638757124132888,0.36318407960199006
2021,REG,0,Alex Collins,RB,SEA,3.927956204379563,10.185185185185185,2.715726315789473,108,411,3.8055555555555554,2,00-0032426,Alex,Collins,41,A.Collins,489.1431178878954,-90.14311788789541,-0.8504067725273152,0.27358490566037735
2021,REG,0,Austin Ekeler,RB,LAC,3.629484083424808,22.815533980582526,2.678721052631578,206,911,4.422330097087379,12,00-0033699,Austin,Ekeler,30,A.Ekeler,917.3531843812432,-11.353184381243182,-0.0553813872255765,0.3804878048780488
2021,REG,0,Myles Gaskin,RB,MIA,3.9664869281045756,16.184971098265898,2.76124203821656,173,612,3.53757225433526,3,00-0035311,Myles,Gaskin,37,M.Gaskin,722.2351088012332,-115.2351088012332,-0.6738895251534105,0.30994152046783624
2021,REG,0,Tony Pollard,RB,DAL,3.3145757997218364,16.153846153846153,2.9224639999999993,130,719,5.530769230769231,2,00-0035261,Tony,Pollard,20,T.Pollard,604.3412508441335,102.65874915586653,0.8147519774275122,0.4126984126984127
2021,REG,0,Elijah Mitchell,RB,SF,3.7426168224299077,39.61352657004831,2.9067593582887703,207,963,4.6521739130434785,5,00-0036567,Elijah,Mitchell,25,E.Mitchell,891.7099275784898,57.29007242151022,0.2794637679098059,0.3902439024390244
2021,REG,0,Devontae Booker,RB,NYG,3.422715008431703,16.551724137931036,2.619046153846155,145,593,4.089655172413793,2,00-0032972,Devontae,Booker,28,D.Booker,592.7569208919899,-34.75692089198992,-0.24305539085307637,0.3916083916083916
2021,REG,0,Ezekiel Elliott,RB,DAL,3.7130638722554905,15.611814345991561,2.780769230769231,237,1002,4.227848101265823,10,00-0033045,Ezekiel,Elliott,21,E.Elliott,1034.8016143117786,-44.80161431177862,-0.19145989022127616,0.3803418803418803
2021,REG,0,Mark Ingram,RB,NO,4.407039711191334,38.75,2.8126026490066227,160,554,3.4625,2,00-0027966,Mark,Ingram,14,M.Ingram,601.3238614478768,-55.323861447876766,-0.35238128310749534,0.3248407643312102
2021,REG,0,Cordarrelle Patterson,RB,ATL,4.362524271844662,37.254901960784316,2.8469790209790204,153,618,4.03921568627451,6,00-0030578,Cordarrelle,Patterson,84,C.Patterson,617.0817318875623,-9.081731887562341,-0.06014391978518107,0.3576158940397351
2021,REG,0,Dalvin Cook,RB,,3.972441760138051,26.506024096385545,2.792434579439253,249,1159,4.6546184738955825,6,00-0033893,Dalvin,Cook,33,D.Cook,1100.3596518350662,37.64034816493381,0.15553862878071822,0.38016528925619836
2021,REG,0,Rashaad Penny,RB,SEA,2.865233644859813,18.487394957983195,2.7071009174311937,119,749,6.294117647058823,6,00-0034750,Rashaad,Penny,20,R.Penny,528.6797580014457,217.32024199855425,1.857437965799609,0.39316239316239315
2021,REG,0,Zack Moss,RB,BUF,4.0435072463768105,20.833333333333336,2.84135632183908,96,345,3.59375,4,00-0036251,Zaccheus,Moss,20,Z.Moss,419.8962504200797,-74.8962504200797,-0.7801692752091635,0.3541666666666667
2021,REG,0,Melvin Gordon,RB,DEN,3.8191938997821357,31.03448275862069,2.747429347826088,203,918,4.522167487684729,8,00-0032144,Melvin,Gordon,25,M.Gordon,809.3613029521974,73.63869704780257,0.3738004926284394,0.38071065989847713
2021,REG,0,Josh Jacobs,RB,LV,4.022660550458717,17.51152073732719,2.693238805970149,217,872,4.018433179723503,9,00-0035700,Joshua,Jacobs,28,J.Jacobs,864.2037860836411,-13.203786083641148,-0.0634797407867363,0.4182692307692308
2021,REG,0,A.J. Dillon,RB,GB,3.523997509339976,21.390374331550802,2.5504245810055868,187,803,4.294117647058823,5,00-0036265,Algiers,Dillon,28,A.Dillon,753.7779168342487,47.222083165751314,0.25388216755780274,0.45161290322580644
2021,REG,0,Damien Harris,RB,NE,3.584876210979548,31.683168316831683,2.646,202,929,4.599009900990099,15,00-0035657,Damien,Harris,37,D.Harris,783.1205191245597,110.87948087544032,0.5657116371195935,0.42346938775510207
2021,REG,0,Alvin Kamara,RB,,4.516380846325167,31.25,2.7733726415094333,240,898,3.7416666666666667,4,00-0033906,Alvin,Kamara,41,A.Kamara,1025.0071914537946,-140.00719145379458,-0.5882655103100612,0.31512605042016806
2021,REG,0,Ronald Jones,RB,TB,3.811448598130841,22.772277227722775,2.5268111111111113,101,428,4.237623762376238,4,00-0034816,Ronald,Jones,27,R.Jones,442.7475178925074,-17.747517892507403,-0.17747517892507403,0.4
2021,REG,0,Devin Singletary,RB,BUF,3.7147586206896555,13.829787234042554,2.878454545454545,188,870,4.627659574468085,7,00-0035250,Devin,Singletary,26,D.Singletary,843.3572837706853,16.642716229314715,0.08996062826656602,0.3675675675675676
2021,REG,0,Rhamondre Stevenson,RB,NE,3.58516501650165,41.35338345864661,2.6878547008547,133,606,4.556390977443609,5,00-0036875,Rhamondre,Stevenson,38,R.Stevenson,534.4195149950348,67.58048500496523,0.5119733712497365,0.4393939393939394
2021,REG,0,Saquon Barkley,RB,NYG,4.039055649241148,21.604938271604937,2.889265734265734,162,593,3.6604938271604937,2,00-0034844,Saquon,Barkley,26,S.Barkley,634.5529647699888,-44.55296476998876,-0.2767264892545886,0.32298136645962733
2021,REG,0,Jamaal Williams,RB,DET,3.7477703826955087,21.568627450980394,2.734284722222222,153,601,3.9281045751633985,3,00-0033948,Jamaal,Williams,30,J.Williams,653.629318737678,-49.62931873767798,-0.32650867590577615,0.3684210526315789
2021,REG,0,Joe Mixon,RB,,4.22438174273859,18.835616438356166,2.886313432835823,292,1205,4.126712328767123,13,00-0033897,Joe,Mixon,28,J.Mixon,1200.3648976649959,-21.36489766499585,-0.0744421521428427,0.3588850174216028
2021,REG,0,Nick Chubb,RB,,3.5871247021445583,26.31578947368421,3.170250000000001,228,1259,5.521929824561403,8,00-0034791,Nicholas,Chubb,24,N.Chubb,973.4912200992511,254.5087799007489,1.1261450438086233,0.42035398230088494
2021,REG,0,Leonard Fournette,RB,TB,3.664938423645318,13.333333333333334,2.6474642857142863,180,812,4.511111111111111,8,00-0033856,Leonard,Fournette,7,L.Fournette,759.5973641348187,48.40263586518131,0.2719249205909062,0.42134831460674155
2021,REG,0,David Montgomery,RB,CHI,3.9526501766784445,21.333333333333336,2.703200000000001,225,849,3.7733333333333334,7,00-0035685,David,Montgomery,32,D.Montgomery,923.8636678894566,-79.86366788945656,-0.3581330398630339,0.3452914798206278
2021,REG,0,Jonathan Taylor,RB,,3.173158475980122,26.80722891566265,2.7817533333333335,332,1811,5.454819277108434,18,00-0036223,Jonathan,Taylor,28,J.Taylor,1408.9012606373467,390.0987393626533,1.1929625056961874,0.41896024464831805
2021,REG,0,James Robinson,RB,JAX,3.5553324641460233,18.29268292682927,2.852236842105263,164,767,4.676829268292683,8,00-0035831,James,Robinson,25,J.Robinson,762.287362022999,-16.28736202299899,-0.10053927174690735,0.35185185185185186
2021,REG,0,Michael Carter,RB,NYJ,4.0220813771518005,19.047619047619047,2.8722954545454558,147,639,4.346938775510204,4,00-0036924,Michael,Carter,32,M.Carter,568.974568079023,70.02543192097698,0.47636348245562576,0.4489795918367347
2021,REG,0,Chase Edmonds,RB,ARI,3.3763006756756777,12.931034482758621,2.8521250000000005,116,592,5.103448275862069,2,00-0034681,Chase,Edmonds,2,C.Edmonds,580.3441794496786,7.655820550321437,0.06657235261149075,0.3391304347826087
2021,REG,0,Khalil Herbert,RB,CHI,3.9333025404157045,20.388349514563107,2.909958762886599,103,433,4.203883495145631,2,00-0036906,Khalil,Herbert,24,K.Herbert,445.0826416131825,-14.082641613182489,-0.13806511385473028,0.38235294117647056
2021,REG,0,Devonta Freeman,RB,BAL,3.843038194444443,28.57142857142857,2.8761794871794883,133,576,4.330827067669173,5,00-0031285,Devonta,Freeman,33,D.Freeman,626.6510337087954,-64.65103370879535,-0.49351934128851416,0.366412213740458
2021,REG,0,Sony Michel,RB,LAR,3.910059171597633,24.519230769230766,2.8078769230769227,208,845,4.0625,4,00-0034845,Sony,Michel,25,S.Michel,894.3692011893182,-54.36920118931823,-0.2626531458421171,0.3333333333333333
2021,REG,0,D'Ernest Johnson,RB,CLE,3.597284644194757,25.0,3.1945161290322597,100,534,5.34,3,00-0035628,D'Ernest,Johnson,30,D.Johnson,390.53881959828084,140.46118040171916,1.4187998020375674,0.5858585858585859
2021,REG,0,Chuba Hubbard,RB,CAR,4.4744607843137265,29.651162790697676,2.7478322147651006,172,612,3.558139534883721,5,00-0036555,Chuba,Hubbard,30,C.Hubbard,697.7279205591988,-100.72792055919876,-0.5995709557095165,0.35119047619047616
2021,REG,0,Darrel Williams,RB,KC,3.8693548387096772,13.194444444444445,2.7010606060606044,144,558,3.875,6,00-0034301,Darrel,Williams,31,D.Williams,627.6088334097641,-81.60883340976409,-0.5871139094227632,0.3669064748201439
2021,REG,0,Clyde Edwards-Helaire,RB,KC,3.7728433268858805,8.403361344537815,2.829324324324324,119,517,4.34453781512605,4,00-0036360,Clyde,Edwards-Helaire,25,C.Edwards-Helaire,551.725085651319,-39.72508565131898,-0.33665326823151676,0.3983050847457627
2021,REG,0,Rex Burkhead,RB,HOU,4.0285714285714285,29.508196721311474,2.7468962264150942,122,427,3.5,3,00-0030288,Michael,Burkhead,28,R.Burkhead,443.478139885488,-26.47813988548802,-0.22065116571240015,0.3333333333333333
2021,REG,0,Alexander Mattison,RB,MIN,4.517881873727089,30.597014925373134,2.7618135593220323,134,491,3.6641791044776117,3,00-0034972,Alexander,Mattison,25,A.Mattison,565.7255534439619,-73.72555344396187,-0.5543274695034727,0.3233082706766917
2021,REG,0,D'Andre Swift,RB,DET,4.112901134521881,27.81456953642384,2.9900148148148147,151,617,4.086092715231788,5,00-0036275,D'Andre,Swift,32,D.Swift,675.9007554133076,-58.90075541330759,-0.39007122790269927,0.31125827814569534
2021,REG,0,Antonio Gibson,RB,WAS,4.005515911282547,18.6046511627907,2.7133459915611815,258,1037,4.01937984496124,7,00-0036328,Antonio,Gibson,24,A.Gibson,1035.513675599796,1.486324400204012,0.005760947287612449,0.3875968992248062
2021,REG,0,Derrick Henry,RB,TEN,3.8752721451440766,36.5296803652968,2.7632474747474745,219,937,4.2785388127853885,10,00-0032764,Derrick,Henry,22,D.Henry,903.228041071985,24.77195892801501,0.11415649275582954,0.3640552995391705
2021,REG,0,Latavius Murray,RB,BAL,3.5747105788423172,31.092436974789916,2.662072727272727,119,501,4.2100840336134455,6,00-0030513,Latavius,Murray,28,L.Murray,487.87298816744106,8.127011832558935,0.07006044683240462,0.33620689655172414
2021,REG,0,Christian McCaffrey,RB,CAR,3.920588235294118,37.37373737373738,2.7522747252747255,99,442,4.4646464646464645,1,00-0033280,Christian,McCaffrey,22,C.McCaffrey,421.76315989341316,-5.76315989341316,-0.06066484098329642,0.4105263157894737
2021,REG,0,Darrell Henderson,RB,LAR,3.713938953488372,12.751677852348994,2.848454545454546,149,688,4.617449664429531,5,00-0035664,Darrell,Henderson,27,D.Henderson,715.5368475634895,-46.53684756348946,-0.3209437762999273,0.33793103448275863
2021,REG,0,Miles Sanders,RB,PHI,3.3504376657824957,10.218978102189782,2.7572936507936507,137,754,5.5036496350364965,0,00-0035243,Miles,Sanders,26,M.Sanders,713.6732103975659,37.32678960243413,0.27446168825319217,0.38235294117647056
2021,REG,0,James Conner,RB,,4.059215425531915,16.831683168316832,2.7162659574468093,202,752,3.722772277227723,15,00-0033553,James,Conner,6,J.Conner,813.5573772623287,-65.55737726232871,-0.3261561057827299,0.3681592039800995
2021,REG,0,D'Onta Foreman,RB,TEN,3.8586219081272075,46.616541353383454,2.718685950413224,133,566,4.2556390977443606,3,00-0033925,D'Onta,Foreman,7,D.Foreman,555.1779953869841,10.822004613015906,0.0813684557369617,0.3308270676691729
2022,REG,0,Austin Ekeler,RB,LAC,3.7029398907103817,17.15686274509804,2.755630434782609,204,915,4.485294117647059,13,00-0033699,Austin,Ekeler,30,A.Ekeler,810.0962906849653,88.90370931503469,0.4512878645433233,0.3756345177664975
2022,REG,0,Cordarrelle Patterson,RB,ATL,4.010129496402881,36.80555555555556,2.8816718749999994,144,695,4.826388888888889,8,00-0030578,Cordarrelle,Patterson,84,C.Patterson,572.1291298675209,86.87087013247913,0.6249702887228714,0.45323741007194246
2022,REG,0,Nick Chubb,RB,CLE,3.797232786885247,28.807947019867548,3.0969854014598557,302,1525,5.049668874172186,12,00-0034791,Nicholas,Chubb,24,N.Chubb,1238.7465229171532,284.25347708284676,0.9443637112386936,0.4186046511627907
2022,REG,0,Dalvin Cook,RB,MIN,4.008184143222509,18.939393939393938,2.911220779220779,264,1173,4.443181818181818,8,00-0033893,Dalvin,Cook,4,D.Cook,1138.764501037635,-20.764501037635,-0.08048256216137598,0.32170542635658916
2022,REG,0,Dameon Pierce,RB,HOU,3.810947816826411,20.454545454545457,2.8791709844559596,220,939,4.2681818181818185,4,00-0037258,Dameon,Pierce,31,D.Pierce,894.3164766984537,44.6835233015463,0.20310692409793774,0.37272727272727274
2022,REG,0,Kareem Hunt,RB,CLE,4.279038461538462,21.951219512195124,2.947227272727273,123,468,3.8048780487804876,3,00-0033923,Kareem,Hunt,27,K.Hunt,470.82605611295054,-9.826056112950539,-0.0805414435487749,0.4098360655737705
2022,REG,0,Najee Harris,RB,PIT,4.200096711798842,25.36764705882353,2.7187359999999994,272,1034,3.801470588235294,7,00-0036893,Najee,Harris,22,N.Harris,1149.381785735607,-116.38178573560708,-0.42945308389522907,0.3800738007380074
2022,REG,0,Latavius Murray,RB,DEN,3.3840921052631585,21.052631578947366,2.6692049689440993,171,760,4.444444444444445,6,00-0030513,Latavius,Murray,28,L.Murray,764.016101457854,-11.016101457854006,-0.06557203248722623,0.35119047619047616
2022,REG,0,Leonard Fournette,RB,TB,4.125194610778442,22.22222222222222,2.770423529411766,189,668,3.5343915343915344,3,00-0033856,Leonard,Fournette,7,L.Fournette,799.1561803670755,-135.15618036707554,-0.7227603228185857,0.35294117647058826
2022,REG,0,Damien Harris,RB,NE,3.5656926406926397,18.867924528301888,2.6425151515151506,106,462,4.3584905660377355,3,00-0035657,Damien,Harris,37,D.Harris,428.5657916360099,33.43420836399008,0.31541706003764225,0.4716981132075472
2022,REG,0,Miles Sanders,RB,PHI,3.466028368794325,18.146718146718147,2.791468354430379,259,1269,4.899613899613899,11,00-0035243,Miles,Sanders,26,M.Sanders,1148.1087286685377,93.89127133146235,0.3653356861146395,0.4280155642023346
2022,REG,0,Jeffery Wilson,RB,MIA,3.527988372093024,20.454545454545457,2.7328625,176,860,4.886363636363637,5,00-0034115,Jeffery,Wilson,23,J.Wilson,789.7740065068883,69.22599349311167,0.3955771056749238,0.3485714285714286
2022,REG,0,J.K. Dobbins,RB,BAL,3.217711538461539,35.869565217391305,2.9500119047619044,92,520,5.6521739130434785,2,00-0036158,Jkaylin,Dobbins,27,J.Dobbins,412.49558660545586,94.50441339454414,1.0500490377171572,0.43333333333333335
2022,REG,0,Chuba Hubbard,RB,CAR,3.1801931330472097,13.684210526315791,2.534696629213483,95,466,4.905263157894737,2,00-0036555,Chuba,Hubbard,30,C.Hubbard,431.16411679292804,34.83588320707196,0.3666935074428627,0.37894736842105264
2022,REG,0,Aaron Jones,RB,GB,3.8848260481712784,10.7981220657277,2.8256368421052644,213,1121,5.262910798122066,2,00-0033293,Aaron,Jones,33,A.Jones,975.0973785880853,87.90262141191465,0.4287932751800715,0.424390243902439
2022,REG,0,Tyler Allgeier,RB,ATL,3.801478260869566,40.0,2.8730612244897964,210,1035,4.928571428571429,3,00-0037263,Tyler,Allgeier,25,T.Allgeier,852.6344481354573,134.36555186454268,0.6522599605074887,0.44660194174757284
2022,REG,0,Rachaad White,RB,TB,3.9231185031185043,18.6046511627907,2.770344537815127,129,481,3.7286821705426356,1,00-0037256,Rachaad,White,29,R.White,510.78409734808776,-29.784097348087755,-0.23088447556657174,0.34108527131782945
2022,REG,0,Brian Robinson,RB,WAS,4.112584692597238,33.170731707317074,2.8580466321243514,205,797,3.8878048780487804,2,00-0037746,Brian,Robinson,8,B.Robinson,784.3581172322527,12.641882767747347,0.061667720818279745,0.4146341463414634
2022,REG,0,Derrick Henry,RB,TEN,3.8450260078023404,38.108882521489974,2.6969841269841277,349,1538,4.406876790830945,13,00-0032764,Derrick,Henry,22,D.Henry,1394.7910453973907,87.20895460260931,0.2564969253017921,0.40294117647058825
2022,REG,0,D'Andre Swift,RB,DET,3.6581549815498158,6.0606060606060606,2.8809425287356314,99,542,5.474747474747475,5,00-0036275,D'Andre,Swift,32,D.Swift,496.165629552697,36.834370447303,0.3836913588260729,0.375
2022,REG,0,Isiah Pacheco,RB,KC,3.457746987951806,18.235294117647058,2.750648484848485,170,830,4.882352941176471,5,00-0037197,Isiah,Pacheco,10,I.Pacheco,750.0305964980915,74.96940350190846,0.4489185838437632,0.41317365269461076
2022,REG,0,Melvin Gordon,RB,KC,4.523018867924531,15.555555555555555,2.7565802469135807,90,318,3.533333333333333,2,00-0032144,Melvin,Gordon,25,M.Gordon,372.28688038099307,-67.28688038099307,-0.7646236406931031,0.3522727272727273
2022,REG,0,Ezekiel Elliott,RB,DAL,3.931815068493151,21.21212121212121,2.724767441860466,231,876,3.792207792207792,12,00-0033045,Ezekiel,Elliott,21,E.Elliott,947.8606976977151,-76.86069769771507,-0.3371083232355924,0.38596491228070173
2022,REG,0,Rhamondre Stevenson,RB,NE,3.282730769230769,16.19047619047619,2.728244791666666,210,1040,4.9523809523809526,5,00-0036875,Rhamondre,Stevenson,38,R.Stevenson,907.1454976177623,117.85450238223768,0.5777181489325377,0.37254901960784315
2022,REG,0,Khalil Herbert,RB,CHI,3.2851025991792064,24.031007751937985,2.844652892561983,129,731,5.666666666666667,4,00-0036906,Khalil,Herbert,24,K.Herbert,561.3286197549332,164.67138024506676,1.286495158164584,0.46875
2022,REG,0,Kenneth Walker,RB,SEA,4.198238095238097,21.49122807017544,3.0196820512820515,228,1050,4.605263157894737,9,00-0038134,Kenneth,Walker,9,K.Walker,945.7012259350736,103.29877406492642,0.46115524136127867,0.3482142857142857
2022,REG,0,Michael Carter,RB,NYJ,4.734800995024877,14.912280701754385,2.822771428571428,114,402,3.526315789473684,3,00-0036924,Michael,Carter,32,M.Carter,456.3572150394597,-64.35721503945967,-0.5850655912678152,0.3
2022,REG,0,Travis Etienne,RB,JAX,3.4868444444444444,25.0,2.7595968586387447,220,1125,5.113636363636363,5,00-0036973,Travis,Etienne,1,T.Etienne,877.3935689633753,233.6064310366247,1.0715891331955263,0.4724770642201835
2022,REG,0,Zack Moss,RB,IND,3.321776315789472,13.978494623655912,2.7660561797752807,93,456,4.903225806451613,1,00-0036251,Zaccheus,Moss,21,Z.Moss,430.3039713257021,25.696028674297906,0.27630138359460116,0.40860215053763443
2022,REG,0,James Conner,RB,ARI,3.777365728900256,14.754098360655737,2.775385964912281,183,782,4.273224043715847,7,00-0033553,James,Conner,6,J.Conner,768.2862678730512,2.7137321269487984,0.014992995176512699,0.4143646408839779
2022,REG,0,Raheem Mostert,RB,MIA,3.6900785634118964,12.154696132596685,2.7994879518072286,181,891,4.922651933701657,3,00-0031687,Dominique,Mostert,31,R.Mostert,904.6254259571986,-17.62542595719856,-0.09791903309554754,0.34444444444444444
2022,REG,0,David Montgomery,RB,CHI,4.102047440699126,23.88059701492537,2.781718085106382,201,801,3.985074626865672,5,00-0035685,David,Montgomery,32,D.Montgomery,846.5460442933781,-52.546044293378145,-0.26405047383607105,0.3768844221105528
2022,REG,0,Alvin Kamara,RB,NO,3.8356856187290957,22.421524663677133,2.752444444444445,223,897,4.022421524663677,2,00-0033906,Alvin,Kamara,41,A.Kamara,934.9633475260395,-37.963347526039456,-0.17023922657416796,0.3901345291479821
2022,REG,0,Antonio Gibson,RB,WAS,4.376117216117217,20.13422818791946,2.758892857142856,149,546,3.664429530201342,3,00-0036328,Antonio,Gibson,24,A.Gibson,570.37048126784,-28.370481267839978,-0.19299647120979577,0.3945578231292517
2022,REG,0,Jonathan Taylor,RB,IND,3.291312427409987,14.0625,2.7730282485875715,192,861,4.484375,4,00-0036223,Jonathan,Taylor,28,J.Taylor,731.9328761568873,126.06712384311265,0.6635111781216455,0.4263157894736842
2022,REG,0,Joe Mixon,RB,CIN,4.020835380835382,23.809523809523807,2.663625641025641,210,814,3.876190476190476,7,00-0033897,Joe,Mixon,28,J.Mixon,759.3121325566664,42.68786744333363,0.20722265749191082,0.4174757281553398
2022,REG,0,D'Onta Foreman,RB,CAR,3.2760940919037185,35.467980295566505,2.648763440860214,203,914,4.502463054187192,5,00-0033925,D'Onta,Foreman,33,D.Foreman,766.0549376185261,121.94506238147392,0.6097253119073696,0.475
2022,REG,0,Christian McCaffrey,RB,SF,3.676444249341529,34.83606557377049,2.790964125560538,244,1139,4.668032786885246,8,00-0033280,Christian,McCaffrey,23,C.McCaffrey,1076.8256153858392,47.17438461416077,0.19655993589233656,0.36666666666666664
2022,REG,0,Kenyan Drake,RB,BAL,4.002821576763485,34.862385321100916,3.0111276595744676,109,482,4.422018348623853,4,00-0033118,Kenyan,Drake,17,K.Drake,464.29627178916417,11.703728210835834,0.1083678538040355,0.2962962962962963
2022,REG,0,Jamaal Williams,RB,DET,3.572045028142588,30.15267175572519,2.6362603305785117,262,1066,4.068702290076335,17,00-0033948,Jamaal,Williams,30,J.Williams,1059.6128685238054,-10.612868523805446,-0.04145651767111502,0.34765625
2022,REG,0,Tony Pollard,RB,DAL,3.4917080436941412,22.279792746113987,2.929436781609196,193,1007,5.217616580310881,9,00-0035261,Tony,Pollard,20,T.Pollard,780.8423977878772,226.1576022121228,1.1718010477312062,0.40932642487046633
2022,REG,0,Samaje Perine,RB,CIN,3.70814720812183,29.47368421052631,2.605460674157303,95,394,4.147368421052631,2,00-0033526,Samaje,Perine,34,S.Perine,412.92233879513776,-20.92233879513776,-0.22257807228869958,0.43617021276595747
2022,REG,0,Cam Akers,RB,LAR,3.9413867684478374,10.106382978723403,2.7574819277108427,188,786,4.180851063829787,7,00-0036414,Cam,Akers,3,C.Akers,794.0500861847684,-14.050086184768361,-0.07513415072068642,0.3582887700534759
2022,REG,0,A.J. Dillon,RB,GB,3.642714285714285,16.129032258064516,2.6017288135593213,186,770,4.139784946236559,7,00-0036265,Algiers,Dillon,28,A.Dillon,800.8449111486681,-34.844911148668075,-0.1893745171123265,0.40217391304347827
2022,REG,0,James Robinson,RB,NYJ,3.9558823529411757,10.909090909090908,2.822336734693877,110,425,3.8636363636363638,3,00-0035831,James,Robinson,23,J.Robinson,463.5110168940864,-44.511016894086424,-0.412139045315615,0.25
2022,REG,0,Devin Singletary,RB,BUF,3.308461538461538,20.33898305084746,2.7233291139240507,177,819,4.627118644067797,5,00-0035250,Devin,Singletary,26,D.Singletary,760.0191653470986,27.98083465290142,0.16363061200527146,0.38011695906432746
2022,REG,0,Saquon Barkley,RB,NYG,3.6481554878048787,18.983050847457626,2.6966996197718633,295,1312,4.447457627118644,10,00-0034844,Saquon,Barkley,26,S.Barkley,1184.3584071409077,114.64159285909227,0.39531583744514576,0.33793103448275863
2022,REG,0,Josh Jacobs,RB,LV,3.331863278886873,20.588235294117645,2.782512738853503,340,1653,4.8617647058823525,12,00-0035700,Joshua,Jacobs,28,J.Jacobs,1459.5963434740797,158.40365652592027,0.474262444688384,0.39820359281437123
2023,REG,0,James Conner,RB,ARI,3.746038461538462,25.0,2.958704301075268,208,1040,5.0,7,00-0033553,James,Conner,6,J.Conner,821.9856401689924,211.0143598310076,1.0193930426618725,0.42995169082125606
2023,REG,0,David Montgomery,RB,DET,3.455369458128078,21.00456621004566,2.5513284313725495,219,1015,4.634703196347032,13,00-0035685,David,Montgomery,5,D.Montgomery,911.0802912037502,61.91970879624978,0.28799864556395244,0.4418604651162791
2023,REG,0,Jaylen Warren,RB,PIT,3.6289540816326533,12.080536912751679,2.8620751879699244,149,784,5.261744966442953,4,00-0037228,Jaylen,Warren,30,J.Warren,596.2724016193888,161.7275983806112,1.1077232765795288,0.3972602739726027
2023,REG,0,James Cook,RB,BUF,3.471907308377897,10.126582278481013,2.6385209302325574,237,1122,4.734177215189874,2,00-0037248,James,Cook,4,J.Cook,1006.900675358308,105.09932464169196,0.4491424129986836,0.42735042735042733
2023,REG,0,D'Onta Foreman,RB,CHI,3.828047058823529,20.18348623853211,2.6336938775510212,109,425,3.8990825688073394,4,00-0033925,D'Onta,Foreman,21,D.Foreman,418.77862707101326,8.221372928986739,0.07683526101856765,0.42990654205607476
2023,REG,0,Derrick Henry,RB,TEN,3.9126306769494414,35.35714285714286,2.801296442687748,280,1167,4.167857142857143,12,00-0032764,Derrick,Henry,22,D.Henry,1067.3732266281295,83.62677337187051,0.30520720208711866,0.40145985401459855
2023,REG,0,Brian Robinson,RB,WAS,3.689972714870395,14.04494382022472,2.7781785714285725,178,733,4.117977528089888,5,00-0037746,Brian,Robinson,8,B.Robinson,690.980581916826,38.019418083173946,0.2160194209271247,0.4090909090909091
2023,REG,0,Rhamondre Stevenson,RB,NE,3.4691599353796434,16.666666666666664,2.5158750000000007,156,619,3.967948717948718,4,00-0036875,Rhamondre,Stevenson,38,R.Stevenson,623.3386216128114,-18.33862161281138,-0.11986027197915934,0.37254901960784315
2023,REG,0,Isiah Pacheco,RB,KC,3.5736470588235294,12.195121951219512,2.762369791666666,205,935,4.560975609756097,7,00-0037197,Isiah,Pacheco,10,I.Pacheco,828.4860755008264,90.51392449917364,0.4525696224958682,0.4
2023,REG,0,Ty Chandler,RB,MIN,3.738722891566265,17.0,2.906308510638297,100,415,4.15,3,00-0037276,Ty,Chandler,32,T.Chandler,427.57665228011314,-13.576652280113137,-0.13713790181932461,0.41414141414141414
2023,REG,0,Ezekiel Elliott,RB,NE,3.909688473520248,17.934782608695652,2.7091197604790422,184,642,3.489130434782609,3,00-0033045,Ezekiel,Elliott,15,E.Elliott,700.5630598138597,-70.5630598138597,-0.38770911985637196,0.4175824175824176
2023,REG,0,Kyren Williams,RB,LAR,3.2243444055944064,4.824561403508771,2.6345117370892037,228,1144,5.017543859649122,12,00-0037840,Kyren,Williams,23,K.Williams,972.3328873979143,145.6671126020857,0.6502996098307398,0.42410714285714285
2023,REG,0,Jahmyr Gibbs,RB,DET,3.748931216931216,15.934065934065933,2.8919575757575755,182,945,5.1923076923076925,10,00-0039139,Jahmyr,Gibbs,26,J.Gibbs,868.0531405561819,71.94685944381808,0.3974964610155695,0.3370165745856354
2023,REG,0,Austin Ekeler,RB,LAC,4.149633757961783,15.083798882681565,2.634852760736196,179,628,3.5083798882681565,5,00-0033699,Austin,Ekeler,30,A.Ekeler,648.716841214827,-47.716841214827014,-0.26958667353009613,0.3502824858757062
2023,REG,0,Jonathan Taylor,RB,IND,3.4509716599190283,14.201183431952662,2.7430000000000003,169,741,4.384615384615385,7,00-0036223,Jonathan,Taylor,28,J.Taylor,676.8564513393274,54.14354866067265,0.32421286623157275,0.33532934131736525
2023,REG,0,Raheem Mostert,RB,MIA,4.2526185770751,14.354066985645932,2.93470588235294,209,1012,4.842105263157895,18,00-0031687,Dominique,Mostert,31,R.Mostert,876.1228659482747,125.8771340517253,0.6140348002523186,0.3853658536585366
2023,REG,0,A.J. Dillon,RB,GB,4.137830342577488,25.280898876404496,2.5971656441717803,178,613,3.443820224719101,2,00-0036265,Algiers,Dillon,28,A.Dillon,669.7273457675097,-63.727345767509746,-0.3620871918608508,0.3693181818181818
2023,REG,0,Zamir White,RB,LV,3.703725055432374,15.384615384615385,2.854360824742268,104,451,4.336538461538462,1,00-0038040,Zamir,White,35,Z.White,414.4838005237959,33.51619947620412,0.32539999491460314,0.46601941747572817
2023,REG,0,Alvin Kamara,RB,NO,4.052824207492796,21.11111111111111,2.613817073170731,180,694,3.8555555555555556,5,00-0033906,Alvin,Kamara,41,A.Kamara,783.8111288118097,-98.81112881180968,-0.5646350217817696,0.3314285714285714
2023,REG,0,Zack Moss,RB,IND,3.3064357682619647,14.754098360655737,2.669816568047336,183,794,4.33879781420765,5,00-0036251,Zaccheus,Moss,21,Z.Moss,662.5150028805103,129.48499711948966,0.711456028129064,0.4175824175824176
2023,REG,0,Joe Mixon,RB,CIN,3.7781721470019343,15.17509727626459,2.599106382978724,257,1034,4.023346303501945,9,00-0033897,Joe,Mixon,28,J.Mixon,1025.1023677053327,5.897632294667346,0.02303762615104432,0.41015625
2023,REG,0,Devon Achane,RB,MIA,3.035487500000001,11.650485436893204,2.9290107526881717,103,800,7.766990291262136,8,00-0039040,Devon,Achane,28,D.Achane,507.36222962043763,278.63777037956237,2.8725543338099215,0.4742268041237113
2023,REG,0,D'Andre Swift,RB,PHI,3.58252621544328,17.903930131004365,2.7691225490196074,229,1049,4.580786026200873,5,00-0036275,D'Andre,Swift,0,D.Swift,1094.6422726011426,-64.64227260114262,-0.28729898933841164,0.3688888888888889
2023,REG,0,Christian McCaffrey,RB,SF,3.5888485263879377,36.029411764705884,2.8048097165991908,272,1459,5.363970588235294,14,00-0033280,Christian,McCaffrey,23,C.McCaffrey,1032.6689880858185,349.33101191418154,1.3232235299779604,0.4659090909090909
2023,REG,0,Miles Sanders,RB,CAR,4.656921296296296,9.30232558139535,2.8923392857142853,129,432,3.3488372093023258,1,00-0035243,Miles,Sanders,6,M.Sanders,479.72057330204643,-53.72057330204643,-0.41969197892223775,0.28125
2023,REG,0,Rachaad White,RB,TB,3.921323232323232,16.911764705882355,2.673349019607844,272,990,3.639705882352941,6,00-0037256,Rachaad,White,1,R.White,1054.833157883393,-109.83315788339291,-0.4129066085841839,0.3684210526315789
2023,REG,0,Alexander Mattison,RB,MIN,4.053242857142858,21.666666666666668,2.8353741935483874,180,700,3.888888888888889,0,00-0034972,Alexander,Mattison,2,A.Mattison,743.487976060909,-45.48797606090898,-0.2541227712899943,0.39664804469273746
2023,REG,0,Najee Harris,RB,PIT,3.840309178743961,20.784313725490197,2.784302222222223,255,1035,4.0588235294117645,8,00-0036893,Najee,Harris,22,N.Harris,931.7320396686757,79.26796033132428,0.31331209617124217,0.4189723320158103
2023,REG,0,Dameon Pierce,RB,HOU,5.183173076923074,26.20689655172414,3.001359999999999,145,416,2.8689655172413793,2,00-0037258,Dameon,Pierce,31,D.Pierce,485.270416803797,-83.27041680379699,-0.5905703319418226,0.3262411347517731
2023,REG,0,Kenneth Walker,RB,SEA,4.542696132596685,19.63470319634703,3.093364102564103,219,905,4.132420091324201,8,00-0038134,Kenneth,Walker,9,K.Walker,910.1118334610219,-27.111833461021888,-0.12910396886200898,0.319047619047619
2023,REG,0,Gus Edwards,RB,BAL,3.5705925925925937,34.34343434343434,2.6410833333333326,198,810,4.090909090909091,13,00-0034184,Gus,Edwards,35,G.Edwards,746.8430490191915,51.15695098080846,0.2636956236124147,0.4020618556701031
2023,REG,0,Zach Charbonnet,RB,SEA,3.733658008658009,13.88888888888889,2.8933854166666664,108,462,4.277777777777778,1,00-0039165,Zach,Charbonnet,26,Z.Charbonnet,426.27332783495285,18.726672165047148,0.17666671853818064,0.4056603773584906
2023,REG,0,Aaron Jones,RB,GB,3.6695731707317076,23.239436619718308,2.658450381679389,142,656,4.619718309859155,2,00-0033293,Aaron,Jones,33,A.Jones,597.0414858627851,15.958514137214934,0.11821121583122172,0.3925925925925926
2023,REG,0,Breece Hall,RB,NYJ,4.017012072434608,19.282511210762333,2.962166666666668,223,994,4.457399103139013,5,00-0038120,Breece,Hall,20,B.Hall,835.5083462651459,146.49165373485414,0.6719800630039181,0.3394495412844037
2023,REG,0,Tony Pollard,RB,DAL,3.8082388059701495,11.11111111111111,2.6277399103139016,252,1005,3.988095238095238,6,00-0035261,Tony,Pollard,20,T.Pollard,985.2189088925859,-39.21890889258589,-0.16139468680076496,0.36213991769547327
2023,REG,0,Khalil Herbert,RB,CHI,3.6099836333878876,31.818181818181817,2.762788617886179,132,611,4.628787878787879,2,00-0036906,Khalil,Herbert,24,K.Herbert,561.9753359065236,38.02466409347642,0.2947648379339257,0.4186046511627907
2023,REG,0,Javonte Williams,RB,DEN,4.47624031007752,16.589861751152075,2.935947368421053,217,774,3.5668202764976957,3,00-0036997,Javonte,Williams,33,J.Williams,841.9238710514294,-82.92387105142939,-0.3839068104232842,0.39351851851851855
2023,REG,0,Jamaal Williams,RB,NO,4.582712418300657,29.245283018867923,2.651135416666666,106,306,2.8867924528301887,1,00-0033948,Jamaal,Williams,21,J.Williams,404.5931472814769,-101.59314728147689,-0.9768571853988163,0.28846153846153844
2023,REG,0,Tyler Allgeier,RB,ATL,4.595680819912154,30.64516129032258,2.9704444444444427,186,683,3.672043010752688,4,00-0037263,Tyler,Allgeier,25,T.Allgeier,725.8550763070309,-59.85507630703091,-0.3306910293206128,0.39226519337016574
2023,REG,0,Jerome Ford,RB,CLE,4.6835793357933575,18.627450980392158,3.162694117647059,204,813,3.985294117647059,4,00-0037267,Jerome,Ford,34,J.Ford,788.1595072064741,-4.159507206474132,-0.020902046263689102,0.35175879396984927
2023,REG,0,Devin Singletary,RB,HOU,3.7120489977728286,23.14814814814815,2.8448730964466997,216,898,4.157407407407407,4,00-0035250,Devin,Singletary,26,D.Singletary,836.3966829032556,32.60331709674438,0.15451809050589752,0.3744075829383886
2023,REG,0,Josh Jacobs,RB,LV,4.270993788819878,21.45922746781116,2.7845555555555563,233,805,3.4549356223175964,6,00-0035700,Joshua,Jacobs,8,J.Jacobs,885.3779365087908,-86.37793650879075,-0.3739304610770163,0.3463203463203463
2023,REG,0,Joshua Kelley,RB,LAC,3.985876543209876,8.411214953271028,2.6957628865979397,107,405,3.7850467289719627,2,00-0036370,Joshua,Kelley,25,J.Kelley,426.3431410667904,-25.343141066790395,-0.24136324825514663,0.3047619047619048
2023,REG,0,Kareem Hunt,RB,CLE,4.509099756690996,31.851851851851855,2.6836229508196734,135,411,3.0444444444444443,9,00-0033923,Kareem,Hunt,27,K.Hunt,508.7602733761855,-100.76027337618552,-0.7519423386282502,0.35074626865671643
2023,REG,0,Chuba Hubbard,RB,CAR,3.797172949002217,19.327731092436977,2.7180511627906982,238,902,3.7899159663865545,5,00-0036555,Chuba,Hubbard,30,C.Hubbard,848.3626973656335,45.637302634366506,0.1933784009930784,0.4449152542372881
2023,REG,0,Travis Etienne,RB,JAX,4.162361111111111,22.846441947565545,2.8270086206896545,267,1008,3.7752808988764044,11,00-0036973,Travis,Etienne,1,T.Etienne,1070.000712164008,-77.00071216400806,-0.2905687251472002,0.3660377358490566
2023,REG,0,Tyjae Spears,RB,TEN,3.6344150110375284,12.0,2.7257272727272723,100,453,4.53,2,00-0039032,Tyjae,Spears,32,T.Spears,449.2484044840853,-14.248404484085313,-0.14689076787716818,0.32989690721649484
2023,REG,0,Saquon Barkley,RB,NYG,3.850904365904367,14.979757085020243,2.7226220095693794,247,962,3.8947368421052633,6,00-0034844,Saquon,Barkley,26,S.Barkley,849.5587432210547,93.44125677894533,0.3893385699122722,0.37083333333333335
2023,REG,0,Bijan Robinson,RB,ATL,4.3663831967213085,20.5607476635514,2.9893730569948165,214,976,4.5607476635514015,4,00-0038542,Bijan,Robinson,7,B.Robinson,879.1504453694561,81.84955463054393,0.39162466330403795,0.3827751196172249
2024,REG,0,Josh Jacobs,RB,GB,3.563792325056434,20.26578073089701,2.717201465201466,301,1329,4.415282392026578,15,00-0035700,Joshua,Jacobs,8,J.Jacobs,1103.1971245666366,216.8028754333634,0.7250932288741251,0.4882943143812709
2024,REG,0,Breece Hall,RB,NYJ,4.289543378995433,11.483253588516746,2.886643617021277,209,876,4.1913875598086126,5,00-0038120,Breece,Hall,20,B.Hall,861.4351047722749,1.56489522772506,0.007633635257195415,0.3853658536585366
2024,REG,0,Javonte Williams,RB,DEN,4.040272904483429,25.899280575539567,2.8121475409836054,139,513,3.6906474820143886,4,00-0036997,Javonte,Williams,33,J.Williams,589.4639945787807,-83.46399457878067,-0.6048115549187005,0.30434782608695654
2024,REG,0,Kyren Williams,RB,LAR,3.764626635873749,14.240506329113925,2.66624652777778,316,1299,4.110759493670886,14,00-0037840,Kyren,Williams,23,K.Williams,1273.9414220579267,0.058577942073270606,0.00019018812361451496,0.38961038961038963
2024,REG,0,D'Andre Swift,RB,CHI,4.501449426485921,22.529644268774703,2.8658198198198206,253,959,3.7905138339920947,6,00-0036275,D'Andre,Swift,4,D.Swift,1125.593438949779,-173.59343894977906,-0.6943737557991162,0.288
2024,REG,0,Kenneth Walker,RB,SEA,4.760174520069807,18.30065359477124,2.9667518796992494,153,573,3.7450980392156863,7,00-0038134,Kenneth,Walker,9,K.Walker,583.6061020263861,-15.606102026386111,-0.10335166904891464,0.40397350993377484
2024,REG,0,Nick Chubb,RB,CLE,4.5848192771084335,21.568627450980394,2.7750329670329665,102,332,3.2549019607843137,3,00-0034791,Nicholas,Chubb,24,N.Chubb,352.90055821540506,-24.900558215405056,-0.24900558215405055,0.42
2024,REG,0,Bijan Robinson,RB,ATL,4.149890109890107,12.828947368421053,2.89090425531915,304,1456,4.7894736842105265,14,00-0038542,Bijan,Robinson,7,B.Robinson,1227.2100242915758,198.7899757084242,0.6761563799606266,0.48299319727891155
2024,REG,0,Jonathan Taylor,RB,IND,3.3679385045422796,19.141914191419144,2.7004109090909094,303,1431,4.7227722772277225,11,00-0036223,Jonathan,Taylor,28,J.Taylor,1227.3828939646835,193.6171060353165,0.645390353451055,0.39
2024,REG,0,Rachaad White,RB,TB,3.9711908646003264,22.22222222222222,2.6232519685039373,144,613,4.256944444444445,3,00-0037256,Rachaad,White,1,R.White,564.5422395876784,48.45776041232159,0.3365122250855666,0.4027777777777778
2024,REG,0,Chuba Hubbard,RB,CAR,3.33276150627615,22.400000000000002,2.615353191489362,250,1195,4.78,10,00-0036555,Chuba,Hubbard,30,C.Hubbard,903.9958544783676,270.0041455216324,1.111128170870915,0.5102880658436214
2024,REG,0,Saquon Barkley,RB,PHI,3.098683291770572,20.579710144927535,2.768442307692306,345,2005,5.811594202898551,13,00-0034844,Saquon,Barkley,26,S.Barkley,1453.0355306992737,545.9644693007263,1.6105146587042072,0.43952802359882004
2024,REG,0,Alvin Kamara,RB,NO,4.411263157894735,25.438596491228072,2.7629447236180895,228,950,4.166666666666667,6,00-0033906,Alvin,Kamara,41,A.Kamara,964.5676668999434,-34.56766689994345,-0.15295427831833383,0.3805309734513274
2024,REG,0,Tony Pollard,RB,TEN,4.119759036144579,21.153846153846153,2.992229787234043,260,1079,4.15,5,00-0035261,Tony,Pollard,20,T.Pollard,1031.369923136332,11.63007686366791,0.045787704187668934,0.38188976377952755
2024,REG,0,Tyrone Tracy,RB,NYG,3.634207389749703,17.708333333333336,2.7108268156424575,192,839,4.369791666666667,5,00-0039384,Tyrone,Tracy,29,T.Tracy,843.2141571489824,-18.214157148982395,-0.09688381462224678,0.30319148936170215
2024,REG,0,Joe Mixon,RB,HOU,4.1938582677165375,26.122448979591837,2.844533333333333,245,1016,4.146938775510204,11,00-0033897,Joe,Mixon,28,J.Mixon,922.4177585588478,79.58224144115218,0.3302167694653617,0.3817427385892116
2024,REG,0,Cam Akers,RB,MIN,4.091824324324325,18.269230769230766,2.861658823529411,104,444,4.269230769230769,2,00-0036414,Cam,Akers,27,C.Akers,448.0566251201852,-6.056625120185174,-0.05880218563286577,0.3106796116504854
2024,REG,0,Devon Achane,RB,MIA,4.05988974641676,20.19704433497537,2.830625,203,907,4.467980295566503,6,00-0039040,Devon,Achane,28,D.Achane,975.8606822104719,-95.86068221047185,-0.48908511331873394,0.3010204081632653
2024,REG,0,Aaron Jones,RB,MIN,3.871599297012304,18.43137254901961,2.749901709401709,255,1138,4.462745098039216,5,00-0033293,Aaron,Jones,33,A.Jones,1061.5029390851528,42.497060914847225,0.16931099966074592,0.4063745019920319
2024,REG,0,Chase Brown,RB,CIN,3.724212121212122,18.340611353711793,2.609580952380953,229,990,4.323144104803493,7,00-0038597,Chase,Brown,30,C.Brown,890.0631400094491,66.93685999055094,0.29882526781495955,0.39285714285714285
2024,REG,0,Tyler Allgeier,RB,ATL,3.92835403726708,18.97810218978102,2.809261904761904,137,644,4.700729927007299,3,00-0037263,Tyler,Allgeier,25,T.Allgeier,560.0078028172908,83.99219718270922,0.6130817312606512,0.5036496350364964
2024,REG,0,J.K. Dobbins,RB,LAC,3.6169944751381236,21.025641025641026,2.791079096045197,195,905,4.641025641025641,9,00-0036158,Jkaylin,Dobbins,27,J.Dobbins,767.1726895431801,114.82731045681987,0.5980589086292701,0.34375
2024,REG,0,Najee Harris,RB,PIT,4.246778523489934,26.61596958174905,2.837726141078839,263,1043,3.9657794676806084,6,00-0036893,Najee,Harris,22,N.Harris,1015.7845187062219,-2.7845187062218884,-0.010962672071739718,0.3543307086614173
2024,REG,0,Rico Dowdle,RB,DAL,3.3709175162187206,16.595744680851062,2.6598425925925935,235,1079,4.591489361702128,2,00-0036139,Rico,Dowdle,23,R.Dowdle,981.4481524818021,59.55184751819786,0.2600517358873269,0.4148471615720524
2024,REG,0,Jaylen Warren,RB,PIT,3.728727984344423,18.333333333333332,2.773194444444443,120,511,4.258333333333334,1,00-0037228,Jaylen,Warren,30,J.Warren,524.5189067045203,-13.518906704520305,-0.11265755587100254,0.375
2024,REG,0,Brian Robinson,RB,WAS,3.6033667083854826,14.43850267379679,2.696130952380951,187,799,4.2727272727272725,8,00-0037746,Brian,Robinson,8,B.Robinson,748.586655363071,25.41334463692897,0.1373694304698863,0.35135135135135137
2024,REG,0,Travis Etienne,RB,JAX,4.250053763440859,18.0,2.6938195488721806,150,558,3.72,2,00-0036973,Travis,Etienne,1,T.Etienne,595.1619228465204,-43.16192284652038,-0.29163461382784045,0.30405405405405406
2024,REG,0,Bucky Irving,RB,TB,3.3536185383244197,14.492753623188406,2.8282187499999996,207,1122,5.420289855072464,8,00-0039361,Mar'Keise,Irving,7,B.Irving,899.2301193360377,185.76988066396234,0.9382317205250623,0.41919191919191917
2024,REG,0,Devin Singletary,RB,NYG,3.9258810068649876,22.123893805309734,2.712037383177571,113,437,3.8672566371681416,4,00-0035250,Devin,Singletary,26,D.Singletary,490.06232954782917,-54.062329547829165,-0.4826993709627604,0.3392857142857143
2024,REG,0,Jerome Ford,RB,CLE,3.4015929203539828,4.807692307692308,2.9400430107526887,104,565,5.4326923076923075,3,00-0037267,Jerome,Ford,34,J.Ford,451.31881091096614,113.68118908903386,1.1037008649420763,0.39805825242718446
2024,REG,0,Gus Edwards,RB,LAC,4.100328767123288,33.663366336633665,2.7532340425531916,101,365,3.613861386138614,4,00-0034184,Gus,Edwards,4,G.Edwards,415.1759440069015,-50.17594400690149,-0.4967915248208068,0.33663366336633666
2024,REG,0,David Montgomery,RB,DET,3.8819096774193573,25.405405405405407,2.721854651162791,185,775,4.1891891891891895,12,00-0035685,David,Montgomery,5,D.Montgomery,759.1267621144885,-4.1267621144885425,-0.022799790687782002,0.4198895027624309
2024,REG,0,Antonio Gibson,RB,NE,3.7304275092936803,14.166666666666666,3.0073714285714304,120,538,4.483333333333333,1,00-0036328,Antonio,Gibson,4,A.Gibson,452.66535549436924,83.33464450563076,0.7002911302994181,0.453781512605042
2024,REG,0,James Conner,RB,ARI,3.9015265082266897,26.27118644067797,2.8772511627906967,236,1094,4.635593220338983,8,00-0033553,James,Conner,6,J.Conner,964.2294402632652,109.77055973673475,0.4772633032031946,0.39565217391304347
2024,REG,0,Zach Charbonnet,RB,SEA,3.7602811950790866,21.48148148148148,2.9954583333333322,135,569,4.214814814814815,8,00-0039165,Zach,Charbonnet,26,Z.Charbonnet,478.70276272992004,73.29723727007996,0.5552821005309088,0.4015151515151515
2024,REG,0,Derrick Henry,RB,BAL,3.0891775117126494,33.23076923076923,2.722858585858584,325,1921,5.9107692307692306,16,00-0032764,Derrick,Henry,22,D.Henry,1318.1470724359792,561.8529275640208,1.766833105547235,0.46855345911949686
2024,REG,0,Ray Davis,RB,BUF,4.2361085972850665,31.858407079646017,2.870303921568629,113,442,3.911504424778761,3,00-0039875,Re'Mahn,Davis,22,R.Davis,433.2157070684809,8.784292931519076,0.07773710558866438,0.4247787610619469
2024,REG,0,Jahmyr Gibbs,RB,DET,3.5532719546742197,15.2,2.874515151515154,250,1412,5.648,16,00-0039139,Jahmyr,Gibbs,26,J.Gibbs,1193.6668674682373,218.33313253176266,0.8768398896857938,0.39759036144578314
2024,REG,0,Emanuel Wilson,RB,GB,3.579183266932271,14.563106796116504,2.805062500000002,103,502,4.87378640776699,4,00-0038797,Emanuel,Wilson,31,E.Wilson,425.67697603639806,74.32302396360194,0.728657097682372,0.43137254901960786
2024,REG,0,James Cook,RB,BUF,3.434737363726463,21.73913043478261,2.6121129032258064,207,1009,4.874396135265701,16,00-0037248,James,Cook,4,J.Cook,834.6332798797882,167.36672012021177,0.820425098628489,0.37745098039215685
2024,REG,0,Jaleel McLaughlin,RB,DEN,4.361209677419355,18.58407079646018,3.076777777777776,113,496,4.389380530973451,1,00-0038794,Jaleel,McLaughlin,38,J.McLaughlin,536.7620867452684,-40.76208674526845,-0.3607264313740571,0.3805309734513274
2024,REG,0,Tank Bigsby,RB,JAX,3.4554569190600493,23.809523809523807,2.696070512820513,168,766,4.559523809523809,7,00-0038555,Cartavious,Bigsby,4,T.Bigsby,637.8350714958797,124.16492850412033,0.7435025658929361,0.38922155688622756
2024,REG,0,Alexander Mattison,RB,LV,4.24859523809524,16.666666666666664,2.7198086956521736,132,420,3.1818181818181817,4,00-0034972,Alexander,Mattison,22,A.Mattison,497.3130941804972,-77.31309418049722,-0.5857052589431607,0.3181818181818182
2024,REG,0,Braelon Allen,RB,NYJ,3.902455089820358,14.130434782608695,2.576894117647059,92,334,3.630434782608696,2,00-0039794,Braelon,Allen,0,B.Allen,385.73549892366685,-57.73549892366685,-0.6415055435962984,0.3111111111111111
2024,REG,0,Rhamondre Stevenson,RB,NE,4.009875156054929,22.705314009661837,2.8445882352941174,207,801,3.869565217391304,7,00-0036875,Rhamondre,Stevenson,38,R.Stevenson,713.6720226800517,35.32797731994833,0.17932983411141284,0.41624365482233505
2024,REG,0,Kareem Hunt,RB,KC,3.8409478021978014,17.5,2.680201058201057,200,728,3.64,7,00-0033923,Kareem,Hunt,29,K.Hunt,819.3630882358962,-112.36308823589616,-0.5732810624280417,0.34183673469387754
2024,REG,0,Jordan Mason,RB,SF,3.5602534854245884,33.33333333333333,2.8303840579710142,153,789,5.1568627450980395,3,00-0037525,Jordan,Mason,24,J.Mason,568.3641402677315,206.6358597322685,1.3775723982151233,0.4866666666666667
